,Text,URL
0,"['[SALAH] â€œAncaman Krisis Ekonomi, SBY: Saya Ingin Membantu, Tapi Partai Saya Tidak Ada di Dalam Pemerintahanâ€']",https://turnbackhoax.id/2021/02/16/salah-ancaman-krisis-ekonomi-sby-saya-ingin-membantu-tapi-partai-saya-tidak-ada-di-dalam-pemerintahan/
1,['[SALAH] Krisis Ekonomi di Perancis Disebabkan oleh Pemboikotan Produk Perancis'],https://turnbackhoax.id/2020/11/06/salah-krisis-ekonomi-di-perancis-disebabkan-oleh-pemboikotan-produk-perancis/
2,['[SALAH] Kawasan Johor Baru Malaysia Terdampak Ekonomi Pandemi Covid-19'],https://turnbackhoax.id/2020/10/27/salah-kawasan-johor-baru-malaysia-terdampak-ekonomi-pandemi-covid-19/
3,"['[SALAH] â€œResesi di Depan Mata, Jokowi Minta Semua Gubernur Tiru Kerja Keras Anies Selamatkan Ekonomiâ€']",https://turnbackhoax.id/2020/09/10/salah-resesi-di-depan-mata-jokowi-minta-semua-gubernur-tiru-kerja-keras-anies-selamatkan-ekonomi/
4,['[SALAH] Pernyataan Jokowi Ekonomi Indonesia Terjun Bebas Tidak Diberi Utang Lagi'],https://turnbackhoax.id/2020/08/23/salah-pernyataan-jokowi-ekonomi-indonesia-terjun-bebas-tidak-diberi-utang-lagi/
5,"['[SALAH] Video â€œEKONOMI RI MAKIN MEROSOT & HANCUR, JOKOWI ANGKAT TANGAN â€˜MENYERAHâ€™ & MINTA PRABOWO SELAMATKAN NKRIâ€']",https://turnbackhoax.id/2020/08/18/salah-video-ekonomi-ri-makin-merosot-hancur-jokowi-angkat-tangan-menyerah-minta-prabowo-selamatkan-nkri/
6,['[SALAH] Data Pertumbuhan Ekonomi Aceh'],https://turnbackhoax.id/2020/08/07/salah-data-pertumbuhan-ekonomi-aceh/
7,"['[SALAH] Video Ekonomi Makin Hancur & Terlilit Utang, Jokowi Terancam Serahkan Indonesia pada China']",https://turnbackhoax.id/2020/07/02/salah-video-ekonomi-makin-hancur-terlilit-utang-jokowi-terancam-serahkan-indonesia-pada-china/
8,['[SALAH] â€œBEDA KELAS. DULU KLAS VVIP. SEKARANG KELAS. EKONOMIâ€'],https://turnbackhoax.id/2020/06/03/salah-beda-kelas-dulu-klas-vvip-sekarang-kelas-ekonomi/
9,['[SALAH] BOS SAMSUNG BUKA KEDOK EKONOMI INDONESIA MACET TOTAL DIBAWAH JKW'],https://turnbackhoax.id/2019/11/23/salah-bos-samsung-buka-kedok-ekonomi-indonesia-macet-total-dibawah-jkw/
10,"['[KLARIFIKASI] â€œPria Ini Siram Karpet Masjid Dengan Air Kencing, Diduga Stres Akibat Himpitan Ekonomiâ€']",https://turnbackhoax.id/2017/12/23/klarifikasi-pria-ini-siram-karpet-masjid-dengan-air-kencing-diduga-stres-akibat-himpitan-ekonomi/
11,['[SALAH] Penjualan Kalender Police News 2022 oleh Polda Jateng Seharga Rp100 Ribu'],https://turnbackhoax.id/2021/10/11/salah-penjualan-kalender-police-news-2022-oleh-polda-jateng-seharga-rp100-ribu/
12,"['[SALAH] Video â€œBERITA VIRAL ~ YUSRIL GANDENG HOTMAN PARIS, BIKIN SBY & AHY TAK TERTOLONG ~ BERITA TERBARUâ€']",https://turnbackhoax.id/2021/10/08/salah-video-berita-viral-yusril-gandeng-hotman-paris-bikin-sby-ahy-tak-tertolong-berita-terbaru/
13,['[SALAH] Alipay dari Alibaba Menggunakan Nama E-Money DANA agar tidak dicurigai Rakyat'],https://turnbackhoax.id/2021/10/08/salah-alipay-dari-alibaba-menggunakan-nama-e-money-dana-agar-tidak-dicurigai-rakyat/
14,"['[SALAH] â€œPemimpin Cerminan Pemilihnya, Cina dulu, Cina sekarangâ€']",https://turnbackhoax.id/2021/10/05/salah-pemimpin-cerminan-pemilihnya-cina-dulu-cina-sekarang/
15,['[SALAH] Video â€œBERITA TERKINI ~ AKHIR TR4GIS JKW SRIMUL B0C0RKAN SEMUA ~ NEWS VIRAL JOKOWIâ€'],https://turnbackhoax.id/2021/10/03/salah-video-berita-terkini-akhir-tr4gis-jkw-srimul-b0c0rkan-semua-news-viral-jokowi/
16,"['[SALAH] Narasi â€œMulai tanggal 6 kemarin siap2 kedepan beli lotek, cendol, seblak, cireng, cilok dan sebagainya bisa jadi wajib oleh yuanâ€']",https://turnbackhoax.id/2021/09/30/salah-narasi-mulai-tanggal-6-kemarin-siap2-kedepan-beli-lotek-cendol-seblak-cireng-cilok-dan-sebagainya-bisa-jadi-wajib-oleh-yuan/
17,['[SALAH] Lowongan Kerja PT Otoritas Jasa Keuangan'],https://turnbackhoax.id/2021/09/30/salah-lowongan-kerja-pt-otoritas-jasa-keuangan/
18,['[SALAH] PPKM diperpanjang Bansos dihentikan'],https://turnbackhoax.id/2021/09/26/salah-ppkm-diperpanjang-bansos-dihentikan/
19,['[SALAH] Cuitan dengan Foto Tangkapan Layar â€œUmur 10 Tahun Jokowi Sudah Hafal Alquran 40 juzâ€'],https://turnbackhoax.id/2021/09/25/salah-cuitan-dengan-foto-tangkapan-layar-umur-10-tahun-jokowi-sudah-hafal-alquran-40-juz/
0,['[SALAH] Foto Poster Pengumuman Nikah Gratis di KUA se-Sulawesi Selatan'],https://turnbackhoax.id/2021/08/27/salah-foto-poster-pengumuman-nikah-gratis-di-kua-se-sulawesi-selatan/
1,['[SALAH] Grab Berikan Bantuan Sembako Senilai Rp80 Ribu untuk Warga Surabaya'],https://turnbackhoax.id/2021/08/17/salah-grab-berikan-bantuan-sembako-senilai-rp80-ribu-untuk-warga-surabaya/
2,['[SALAH] Bantuan Subsidi Upah KEMNAKER Meminta Data Calon Penerima'],https://turnbackhoax.id/2021/08/14/salah-bantuan-subsidi-upah-kemnaker-meminta-data-calon-penerima/
3,['[SALAH] Rockefeller Foundation Telah Rencanakan Skenario Pandemi Covid-19 Sejak 2010'],https://turnbackhoax.id/2021/08/14/salah-rockefeller-foundation-telah-rencanakan-skenario-pandemi-covid-19-sejak-2010/
4,['[SALAH] â€œPerlawanan rakyat Australia akan rencana New World Orderâ€'],https://turnbackhoax.id/2021/08/12/salah-perlawanan-rakyat-australia-akan-rencana-new-world-order/
5,['[SALAH] Covid-19 Bermutasi Menjadi Virus Baru yang Lebih Berbahaya dan Vaksinasi Timbulkan Virus Lain Dari Covid-19'],https://turnbackhoax.id/2021/08/08/salah-covid-19-bermutasi-menjadi-virus-baru-yang-lebih-berbahaya-dan-vaksinasi-timbulkan-virus-lain-dari-covid-19/
6,['[SALAH] Dokumen Bank Dunia Tetapkan Covid-19 Sampai Tahun 2025'],https://turnbackhoax.id/2021/08/08/salah-dokumen-bank-dunia-tetapkan-covid-19-sampai-tahun-2025/
7,"['[SALAH] â€œMobil Dinas Presiden Baru, Harga berkisar 12 M, Dibeli Tahun 2020 saat Pandemi Copidâ€']",https://turnbackhoax.id/2021/07/31/salah-mobil-dinas-presiden-baru-harga-berkisar-12-m-dibeli-tahun-2020-saat-pandemi-copid/
8,['[SALAH] Pemerintah Indonesia Kirim Bantuan Rp224 Miliar untuk Banjir di Cina Tengah'],https://turnbackhoax.id/2021/07/30/salah-pemerintah-indonesia-kirim-bantuan-rp224-miliar-untuk-banjir-di-cina-tengah/
9,['[SALAH] Ketersediaan Ventilator Cukup Memadai dan Obat Ivermectin Sudah Akan Diproduksi Massal'],https://turnbackhoax.id/2021/07/04/salah-ketersediaan-ventilator-cukup-memadai-dan-obat-ivermectin-sudah-akan-diproduksi-massal/
10,['[SALAH] Covid-19 Tidak Mematikan'],https://turnbackhoax.id/2021/06/26/salah-covid-19-tidak-mematikan/
11,['[SALAH] Pesan Berantai â€œSANDIWARA CORONAâ€ dari Ikatan Dokter Indonesia (IDI)'],https://turnbackhoax.id/2021/06/23/salah-pesan-berantai-sandiwara-corona-dari-ikatan-dokter-indonesia-idi/
12,['[SALAH] Lowongan Pekerjaan di PT. Freeport Indonesia'],https://turnbackhoax.id/2021/06/07/salah-lowongan-pekerjaan-di-pt-freeport-indonesia/
13,['[SALAH] Anies Baswedan Donasikan Dana untuk Palestina dari Uang Pribadi dan Karyawan Pemda DKI'],https://turnbackhoax.id/2021/05/20/salah-anies-baswedan-donasikan-dana-untuk-palestina-dari-uang-pribadi-dan-karyawan-pemda-dki/
14,"['[SALAH] â€œRizieq Kena Lagi, Sekarang Giliran PKB: Dengar Bib, Hukum Berlaku Buat Semua, Tak Peduli..Kau Ini Siapa? Ini Indonesia,Bukan Negaramu Yaman,Tahu Kamu?â€']",https://turnbackhoax.id/2021/05/09/salah-rizieq-kena-lagi-sekarang-giliran-pkb-dengar-bib-hukum-berlaku-buat-semua-tak-peduli-kau-ini-siapa-ini-indonesiabukan-negaramu-yamantahu-kamu/
15,['[SALAH] Tidak Ada Karangan Bunga Kepada Awak KRI Nanggala 402'],https://turnbackhoax.id/2021/05/05/salah-tidak-ada-karangan-bunga-kepada-awak-kri-nanggala-402/
16,['[SALAH] Bantuan Sosial Tunai (BST) 600 Ribu Sudah Dapat Dicairkan'],https://turnbackhoax.id/2021/04/25/salah-bantuan-sosial-tunai-bst-600-ribu-sudah-dapat-dicairkan/
17,['[SALAH] â€œTol japek ganti nama Sheikh Mohammed bin Zayed?alias di jualâ€'],https://turnbackhoax.id/2021/04/13/salah-tol-japek-ganti-nama-sheikh-mohammed-bin-zayedalias-di-jual/
18,['[SALAH] Foto Jendral Uni Soviet'],https://turnbackhoax.id/2021/04/11/salah-foto-jendral-uni-soviet/
19,['[SALAH] Gambar artikel berjudul â€œLuhut Sebut Sejak Kecil Jokowi Sudah Hafal 40 Juz Alquranâ€'],https://turnbackhoax.id/2021/04/08/salah-gambar-artikel-berjudul-luhut-sebut-sejak-kecil-jokowi-sudah-hafal-40-juz-alquran/
0,['[SALAH] Video â€œMELEDAKNYA PERTAMINA DI INDRAMAYU.. MOBIL MEWAH IKUT TERBAKARâ€'],https://turnbackhoax.id/2021/04/02/salah-video-meledaknya-pertamina-di-indramayu-mobil-mewah-ikut-terbakar/
1,['[SALAH] Penemu Mobil Berbahan Bakar Air Dibunuh'],https://turnbackhoax.id/2021/03/31/salah-penemu-mobil-berbahan-bakar-air-dibunuh/
2,['[SALAH] Vaksinasi Covid-19 untuk Warga Non DKI Jakarta di Istora Senayan'],https://turnbackhoax.id/2021/03/14/salah-vaksinasi-covid-19-untuk-warga-non-dki-jakarta-di-istora-senayan/
3,['[SALAH] â€œRuang Kerja Anies Baswedan di Geledah KPKâ€'],https://turnbackhoax.id/2021/03/14/salah-ruang-kerja-anies-baswedan-di-geledah-kpk/
4,['[SALAH] Video â€œDPR BONGKAR DANA HARAM ANIES ~ BERITA TERBARU HARI INI 4 MARET 2021 USAHA MIRAS DKI JAKARTAâ€'],https://turnbackhoax.id/2021/03/05/salah-video-dpr-bongkar-dana-haram-anies-berita-terbaru-hari-ini-4-maret-2021-usaha-miras-dki-jakarta/
5,['[SALAH] â€œJokowi Menerima Hadiah Lukisan Langka Berwajah Sultan Arabâ€'],https://turnbackhoax.id/2021/03/03/salah-jokowi-menerima-hadiah-lukisan-langka-berwajah-sultan-arab/
6,"['[SALAH] Bantuan 3,5 Juta dari Pemerintah untuk Seluruh Pemilik E-KTP']",https://turnbackhoax.id/2021/02/27/salah-bantuan-35-juta-dari-pemerintah-untuk-seluruh-pemilik-e-ktp/
7,"['[SALAH] â€œCovid-19 BUKAN Virus, Sumber : Kementerian Kesehatan Italyâ€']",https://turnbackhoax.id/2021/02/14/salah-covid-19-bukan-virus-sumber-kementerian-kesehatan-italy/
8,['[SALAH] Fadli Zon Dipecat dari Jabatan Waketum Gerindra'],https://turnbackhoax.id/2021/02/11/salah-fadli-zon-dipecat-dari-jabatan-waketum-gerindra/
9,['[SALAH] Uang Redenominasi Pecahan Rp100 Bergambar Jokowi'],https://turnbackhoax.id/2021/02/10/salah-uang-redenominasi-pecahan-rp100-bergambar-jokowi/
10,"['[SALAH] â€œJokowi Ternyata Sudah Pakai Rp.38,5 Triliun Dana Haji, Jamaah Tak Diberitahuâ€']",https://turnbackhoax.id/2021/02/09/salah-jokowi-ternyata-sudah-pakai-rp-385-triliun-dana-haji-jamaah-tak-diberitahu/
11,['[SALAH] Daftar Harga Tiket Pesawat Ke Bandara di Purbalingga'],https://turnbackhoax.id/2021/02/07/salah-daftar-harga-tiket-pesawat-ke-bandara-di-purbalingga/
12,['[SALAH] Gubernur Anies Baswedan Bangun Bandara JB Soedirman di Purbalingga'],https://turnbackhoax.id/2021/02/07/salah-gubernur-anies-baswedan-bangun-bandara-jb-soedirman-di-purbalingga/
13,['[SALAH] â€œAnies Pastikan Tolak Utang Luar Negeri Jika Pimpinan RIâ€'],https://turnbackhoax.id/2021/02/03/salah-anies-pastikan-tolak-utang-luar-negeri-jika-pimpinan-ri/
14,['[SALAH] SMS Berhadiah Cek Rp35.000.000 Dari BRI'],https://turnbackhoax.id/2021/02/01/salah-sms-berhadiah-cek-rp35-000-000-dari-bri/
15,"['[SALAH] Anak 10 Bulan Ikut Ditahan, Akibat Sang Ibu Ketahuan Mencuri']",https://turnbackhoax.id/2021/01/31/salah-anak-10-bulan-ikut-ditahan-akibat-sang-ibu-ketahuan-mencuri/
16,['[SALAH] Bank Indonesia Cetak Uang 300 Triliyun'],https://turnbackhoax.id/2021/01/29/salah-bank-indonesia-cetak-uang-300-triliyun/
17,"['[SALAH] Kartel Narkoba Lolos, Presiden Filipina Beri Peringatan pada Jokowi']",https://turnbackhoax.id/2021/01/25/salah-kartel-narkoba-lolos-presiden-filipina-beri-peringatan-pada-jokowi/
18,['[SALAH] â€œAda 32 hotel di Jakarta untuk ISOLASI MANDIRI yang biayanya Ditanggung Pemerintahâ€'],https://turnbackhoax.id/2021/01/23/salah-ada-32-hotel-di-jakarta-untuk-isolasi-mandiri-yang-biayanya-ditanggung-pemerintah/
19,"['[SALAH] ARTIKEL â€œTENDANG JEFF BEZOS, ELON MUSK KINI ORANG TERKAYA DI DUNIA BERKAT VTUBEâ€']",https://turnbackhoax.id/2021/01/12/salah-artikel-tendang-jeff-bezos-elon-musk-kini-orang-terkaya-di-dunia-berkat-vtube/
0,['[SALAH] Jawa-Bali Lockdown pada Tanggal 11-25 Januari 2021'],https://turnbackhoax.id/2021/01/09/salah-jawa-bali-lockdown-pada-tanggal-11-25-januari-2021/
1,['[SALAH] Link Survei Pendirian Bank Syariah Muhammadiyah'],https://turnbackhoax.id/2021/01/02/salah-link-survei-pendirian-bank-syariah-muhammadiyah/
2,['[SALAH] â€œGELOMBANG KE-3 Kuota Internet Free dari Operator!â€'],https://turnbackhoax.id/2020/12/29/salah-gelombang-ke-3-kuota-internet-free-dari-operator/
3,['[SALAH] â€œMantan PM Jepang Minta Maaf Karena Pakai Uang Jokowi untuk Pesta Makan Malamâ€'],https://turnbackhoax.id/2020/12/27/salah-mantan-pm-jepang-minta-maaf-karena-pakai-uang-jokowi-untuk-pesta-makan-malam/
4,"['[SALAH] Tak dapat Bansos, Keluarga Ilma Kerap Makan Tepung Goreng']",https://turnbackhoax.id/2020/12/22/salah-tak-dapat-bansos-keluarga-ilma-kerap-makan-tepung-goreng/
5,['[SALAH] â€œIDI tolak yg Pertama dpt Vaksin Sinovac Chinaâ€'],https://turnbackhoax.id/2020/12/15/salah-idi-tolak-yg-pertama-dpt-vaksin-sinovac-china/
6,['[SALAH] Cover Majalah Tempo Berjudul â€œSANG DALANG PERUSAK BHINNEKAâ€'],https://turnbackhoax.id/2020/12/10/salah-cover-majalah-tempo-berjudul-sang-dalang-perusak-bhinneka/
7,['[SALAH] Link Untuk Mendapatkan 35 GB Kuota Gratis dari Operator'],https://turnbackhoax.id/2020/12/09/salah-link-untuk-mendapatkan-35-gb-kuota-gratis-dari-operator/
8,['[SALAH] â€œSurat Dari K.H. Mustofa Bisri (Gus Mus) di Whatsappâ€'],https://turnbackhoax.id/2020/12/07/salah-surat-dari-k-h-mustofa-bisri-gus-mus-di-whatsapp/
9,['[SALAH] Pemasangan Barcode pada Badan Manusia'],https://turnbackhoax.id/2020/12/06/salah-pemasangan-barcode-pada-badan-manusia/
10,['[SALAH] Air Garam Sumber Energi Listrik'],https://turnbackhoax.id/2020/11/30/salah-air-garam-sumber-energi-listrik/
11,['[SALAH] Presentase Bunuh Diri Naik 200% Selama Lockdown'],https://turnbackhoax.id/2020/11/21/salah-presentase-bunuh-diri-naik-200-selama-lockdown/
12,['[SALAH] Luhut Pandjaitan Dirawat di Belgia'],https://turnbackhoax.id/2020/11/20/salah-luhut-sitompul-dirawat-di-belgia/
13,['[SALAH] Indonesia Tawarkan Amerika Serikat Bangun Pangkalan Militer di Kepulauan Natuna'],https://turnbackhoax.id/2020/11/20/salah-indonesia-tawarkan-amerika-serikat-bangun-pangkalan-militer-di-kepulauan-natuna/
14,"['[SALAH] â€œide menarik banget dari Kwik Kian Gie, Ayo, mulai 05 November s.d 05 Desember 2020 jangan belanja di mallâ€']",https://turnbackhoax.id/2020/11/12/salah-ide-menarik-banget-dari-kwik-kian-gie-ayo-mulai-05-november-s-d-05-desember-2020-jangan-belanja-di-mall/
15,['[SALAH] Formulir Online untuk Banpres Produktif oleh Kementerian Koperasi dan UKM'],https://turnbackhoax.id/2020/11/10/salah-formulir-online-untuk-banpres-produktif-oleh-kementerian-koperasi-dan-ukm/
16,['[FALSE] Economic Crisis in France Caused by Boycott of French Products'],https://turnbackhoax.id/2020/11/09/false-economic-crisis-in-france-caused-by-boycott-of-french-products/
17,['[SALAH] Pandemi Telah Berakhir dan Covid-19 Adalah Flu Biasa'],https://turnbackhoax.id/2020/10/25/salah-pandemi-telah-berakhir-dan-covid-19-adalah-flu-biasa/
18,['[SALAH] Tulisan Penolakan Omnibus Law oleh Dahlan Iskan'],https://turnbackhoax.id/2020/10/15/salah-tulisan-penolakan-omnibus-law-oleh-dahlan-iskan/
19,['[SALAH] Objek Wisata Pangandaran akan Ditutup'],https://turnbackhoax.id/2020/10/11/salah-objek-wisata-pangandaran-akan-ditutup/
0,['[SALAH] â€œCie ga pake masker cie berdekatan cie lupa ada corona cie selfi barengâ€'],https://turnbackhoax.id/2020/10/08/salah-cie-ga-pake-masker-cie-berdekatan-cie-lupa-ada-corona-cie-selfi-bareng/
1,['[SALAH] Video Aksi Tolak UU Cipta Kerja di Bandung'],https://turnbackhoax.id/2020/10/08/salah-video-aksi-tolak-uu-cipta-kerja-di-bandung/
2,['[SALAH] â€œAnies Borong Celana Dalam Cewekâ€'],https://turnbackhoax.id/2020/10/02/salah-anies-borong-celana-dalam-cewek/
3,['[SALAH] Kamala Harris: â€œDatang dari India ke Jamaika untuk Mengeksploitasi Budak Kulit Hitamâ€'],https://turnbackhoax.id/2020/10/01/salah-kamala-harris-datang-dari-india-ke-jamaika-untuk-mengeksploitasi-budak-kulit-hitam/
4,['[SALAH] â€œCina mentargetkan 100 jt penduduk indonesia mati melalui vaksin cinaâ€'],https://turnbackhoax.id/2020/10/01/salah-cina-mentargetkan-100-jt-penduduk-indonesia-mati-melalui-vaksin-cina/
5,['[SALAH] â€œKartu ATM Nasabah BRI yang berwarna Biru GPN Akan Segera Diblokir Otomatis oleh Sistemâ€'],https://turnbackhoax.id/2020/09/29/salah-kartu-atm-nasabah-bri-yang-berwarna-biru-gpn-akan-segera-diblokir-otomatis-oleh-sistem/
6,['[SALAH] Artikel Detik.com â€œTrans Studio Bandung Tutup Mulai Hari ini Untuk Cegah Penyebaran Virus Corona di Bandungâ€'],https://turnbackhoax.id/2020/09/28/salah-artikel-detik-com-trans-studio-bandung-tutup-mulai-hari-ini-untuk-cegah-penyebaran-virus-corona-di-bandung/
7,['[SALAH] Sultan HB X Sebut Positif-Negatif Covid-19 Sama Saja Karena Semua Orang Pasti Meninggal'],https://turnbackhoax.id/2020/09/25/salah-sultan-hb-x-sebut-positif-negatif-covid-19-sama-saja-karena-semua-orang-pasti-meninggal/
8,"['[SALAH] â€œBreaking News! Pilkada Serentak Ditunda, Kecuali Solo dan Medanâ€']",https://turnbackhoax.id/2020/09/23/salah-breaking-news-pilkada-serentak-ditunda-kecuali-solo-dan-medan/
9,['[SALAH] Pencipta PR untuk Pertama Kalinya Bernama Roberto Nevilis'],https://turnbackhoax.id/2020/09/21/salah-pencipta-pr-untuk-pertama-kalinya-bernama-roberto-nevilis/
10,"['[SALAH] â€œKetika di vaksin, microchip yg sangat kecil dipasang tanpa terasa, New Dajjal siap membunuh 7.5 milyard manusiaâ€']",https://turnbackhoax.id/2020/09/19/salah-ketika-di-vaksin-microchip-yg-sangat-kecil-dipasang-tanpa-terasa-new-dajjal-siap-membunuh-7-5-milyard-manusia/
11,['[Top 5] Topik Teratas Periksa Fakta MAFINDO Periode 5â€“11 September 2020'],https://turnbackhoax.id/2020/09/16/top-5-topik-teratas-periksa-fakta-mafindo-periode-5-11-september-2020/
12,['[SALAH] â€œAnies dapat instruksi dari â€˜KAMIâ€™ agar lakukan PSBB total beberapa bulanâ€'],https://turnbackhoax.id/2020/09/14/salah-anies-dapat-instruksi-dari-kami-agar-lakukan-psbb-total-beberapa-bulan/
13,['[SALAH] â€œGibran ngimpi akan bebasin Palestina dari Israelâ€'],https://turnbackhoax.id/2020/09/10/salah-gibran-ngimpi-akan-bebasin-palestina-dari-israel/
14,['[SALAH] â€œLambang NU Rezim Nowâ€'],https://turnbackhoax.id/2020/09/08/salah-lambang-nu-rezim-now/
15,['[SALAH] Pesan WhatsApp Soal KemenBUMN Angkat Advisor Gaji Minimal Rp40 Juta'],https://turnbackhoax.id/2020/09/05/salah-pesan-whatsapp-soal-kemenbumn-angkat-advisor-gaji-minimal-rp40-juta/
16,['[SALAH] Akun Instagram BPJS Ketenagakerjaan Bernama â€œbpjs.pencairan.bltâ€'],https://turnbackhoax.id/2020/09/04/salah-akun-instagram-bpjs-ketenagakerjaan-bernama-bpjs-pencairan-blt/
17,['[SALAH] Perdana Menteri Jepang Mundur Karena Terkait Virus Corona'],https://turnbackhoax.id/2020/09/02/salah-perdana-menteri-jepang-mundur-karena-terkait-virus-corona/
18,['[SALAH] Pabrik Mobil Esemka di China'],https://turnbackhoax.id/2020/09/02/salah-pabrik-mobil-esemka-di-china/
19,"['[SALAH] Soal Tuduhan Jokowi Anti Islam, Luhut: Umur 10 Tahun Beliau Sudah Hafal Alquran 40 Juz']",https://turnbackhoax.id/2020/08/31/salah-soal-tuduhan-jokowi-anti-islam-luhut-umur-10-tahun-beliau-sudah-hafal-alquran-40-juz/
0,['[SALAH] â€œMaterai Dinaikan Menjadi Rp 10.000 Karena Nilai Rupiah Tidak Mungkin Menyentuh Rp 10.000â€'],https://turnbackhoax.id/2020/08/28/salah-materai-dinaikan-menjadi-rp-10-000-karena-nilai-rupiah-tidak-mungkin-menyentuh-rp-10-000/
1,['[SALAH] Foto Sri Mulyani Berjilbab â€œKode pilkada sudah dekat Atau tagihan sudah jatuh tempoâ€'],https://turnbackhoax.id/2020/08/22/salah-foto-sri-mulyani-berjilbab-kode-pilkada-sudah-dekat-atau-tagihan-sudah-jatuh-tempo/
2,['[SALAH] Foto â€œpejabat keuangan dibawah palu aritâ€'],https://turnbackhoax.id/2020/08/20/salah-foto-pejabat-keuangan-dibawah-palu-arit/
3,['[SALAH] â€œBulan dan bintang di logo Logo HUT Ke-75 Kemerdekaan Republik Indonesia Tahun 2020â€'],https://turnbackhoax.id/2020/08/18/salah-bulan-dan-bintang-di-logo-logo-hut-ke-75-kemerdekaan-republik-indonesia-tahun-2020/
4,['[SALAH] Foto â€œAnies Baswedan Panen Padi Masih Hijauâ€'],https://turnbackhoax.id/2020/08/15/salah-foto-anies-baswedan-panen-padi-masih-hijau/
5,['[SALAH] Video â€œDETIK DETIK MAâ€™RUF AMIN MUNDUR & DIGANTI DENGAN PRABOWO SEBAGAI WAKIL PRESIDEN DAMPINGI JOKOWIâ€'],https://turnbackhoax.id/2020/08/11/salah-video-detik-detik-maruf-amin-mundur-diganti-dengan-prabowo-sebagai-wakil-presiden-dampingi-jokowi/
6,"['[SALAH] Pidato Lengkap Jokowi, Negara Kita Tidak Pernah Berhutang Hanya Melakukan Pinjaman Dari Luar Negeri']",https://turnbackhoax.id/2020/08/10/salah-pidato-lengkap-jokowi-negara-kita-tidak-pernah-berhutang-hanya-melakukan-pinjaman-dari-luar-negeri/
7,"['[SALAH] Video â€œBERITA TERBARU HARI INI ~ SRI MULYANI SUDAH TIDAK SANGGUP LANJUT, SERAHKAN TUGASNYA KE RIZAL RAMLIâ€']",https://turnbackhoax.id/2020/08/08/salah-video-berita-terbaru-hari-ini-sri-mulyani-sudah-tidak-sanggup-lanjut-serahkan-tugasnya-ke-rizal-ramli/
8,['[SALAH] STAN Ditutup Karena Radikalisme'],https://turnbackhoax.id/2020/08/07/salah-stan-ditutup-karena-radikalisme/
9,['[SALAH] Video Jokowi Tidak Tahu Penyebab Kasus Corona Tembus 111 Ribu'],https://turnbackhoax.id/2020/08/06/salah-video-jokowi-tidak-tahu-penyebab-kasus-corona-tembus-111-ribu/
10,['[SALAH] Video â€œJOKOWI AKUI SUDAH GAGAL SEBAGAI PRESIDEN & AKAN SERAHKAN SEMUA JABATAN PRESIDEN ke PRABOWO ?â€'],https://turnbackhoax.id/2020/08/03/salah-video-jokowi-akui-sudah-gagal-sebagai-presiden-akan-serahkan-semua-jabatan-presiden-ke-prabowo/
11,['[SALAH] â€œForm PENDATAAN USAHA MIKRO DAN ULTRA MIKROâ€'],https://turnbackhoax.id/2020/08/01/salah-form-pendataan-usaha-mikro-dan-ultra-mikro/
12,"['[SALAH] â€œNih yang bikin Covid, si jagoan Wall Street (Rockefeller Foundation)â€']",https://turnbackhoax.id/2020/08/01/salah-nih-yang-bikin-covid-si-jagoan-wall-street-rockefeller-foundation/
13,['[SALAH] Foto Gubernur Anies dengan Narasi â€œMENGAKU KETURUNAN JOGJA DEMI AMBISIUS MENJADI RAJAâ€'],https://turnbackhoax.id/2020/07/27/salah-foto-gubernur-anies-dengan-narasi-mengaku-keturunan-jogja-demi-ambisius-menjadi-raja/
14,['[SALAH] Peta Yogyakarta di Timur Tengah'],https://turnbackhoax.id/2020/07/26/salah-peta-yogyakarta-di-timur-tengah/
15,['[SALAH] â€œIndonesia satu2nya negara didunia yang pemerintahnya bahagia merelakan rakyatnya jadi kelinci percobaan vaksin dari chinaâ€'],https://turnbackhoax.id/2020/07/26/salah-indonesia-satu2nya-negara-didunia-yang-pemerintahnya-bahagia-merelakan-rakyatnya-jadi-kelinci-percobaan-vaksin-dari-china/
16,['[SALAH] â€œDuo Sipitâ€¦ Yg Satu sudah menjadi Dewan Penasehat DenSusâ€¦.yg Satunya Hendak mau Jadi Dewan Penasehat Mabes Polriâ€'],https://turnbackhoax.id/2020/07/24/salah-duo-sipit-yg-satu-sudah-menjadi-dewan-penasehat-densus-yg-satunya-hendak-mau-jadi-dewan-penasehat-mabes-polri/
17,['[SALAH] Covid-19 Tidak Murni Sebabkan Kematian'],https://turnbackhoax.id/2020/07/17/salah-covid-19-tidak-murni-sebabkan-kematian/
18,"['[SALAH] â€œSemboyan Pesindo â€œBekerdja, bekerdja, bekerdjaâ€ adalah semboyan PKIâ€']",https://turnbackhoax.id/2020/07/15/salah-semboyan-pesindo-bekerdja-bekerdja-bekerdja-adalah-semboyan-pki/
19,['[SALAH] Risma Sujud ke IDI Karena Warga Surabaya Tidak Diterima Di RSUD Dr Soetomo'],https://turnbackhoax.id/2020/07/10/salah-risma-sujud-ke-idi-karena-warga-surabaya-tidak-diterima-di-rsud-dr-soetomo/
0,"['[SALAH] â€œsejeluarga d india meningal,Daun pisang tempat mereka makan terimpeksi pirus k lalawarâ€']",https://turnbackhoax.id/2020/07/03/salah-sejeluarga-d-india-meningaldaun-pisang-tempat-mereka-makan-terimpeksi-pirus-k-lalawar/
1,['[SALAH] Foto â€œImam Besar Kadrun yg baru : IMAM BESAR ROJACK AL GARONGâ€'],https://turnbackhoax.id/2020/07/02/salah-foto-imam-besar-kadrun-yg-baru-imam-besar-rojack-al-garong/
2,['[SALAH] Video â€œBenarkah COVID ada??â€'],https://turnbackhoax.id/2020/07/01/salah-video-benarkah-covid-ada/
3,"['[SALAH] â€œIbu Kota Pindah, Anies Bakal Jual Gedung Pemerintah Pusatâ€']",https://turnbackhoax.id/2020/06/20/salah-ibu-kota-pindah-anies-bakal-jual-gedung-pemerintah-pusat/
4,['[SALAH] â€œbupati Luwu Utara terbaring di RS karena terjatuh dari motornya waktu antar BanSos COvid-19â€'],https://turnbackhoax.id/2020/06/19/salah-bupati-luwu-utara-terbaring-di-rs-karena-terjatuh-dari-motornya-waktu-antar-bansos-covid-19/
5,"['[SALAH] â€œSemenjak Bapak Jokowi jadi Presiden, Banyak PKI Membakar benderanya sendiri.â€']",https://turnbackhoax.id/2020/06/19/salah-semenjak-bapak-jokowi-jadi-presiden-banyak-pki-membakar-benderanya-sendiri/
6,['[SALAH] â€œTernyata ini tujuan masuk mall pakai barcodeâ€'],https://turnbackhoax.id/2020/06/17/salah-ternyata-ini-tujuan-masuk-mall-pakai-barcode/
7,['[SALAH] â€œfadlizon mendaulat Anies jadi Duta Germoâ€'],https://turnbackhoax.id/2020/06/14/salah-fadlizon-mendaulat-anies-jadi-duta-germo/
8,['[SALAH] â€œDasar jokodok tukang tipuâ€¦ tapi goblok nya kenapa ebong tetap percayaâ€'],https://turnbackhoax.id/2020/06/12/salah-dasar-jokodok-tukang-tipu-tapi-goblok-nya-kenapa-ebong-tetap-percaya/
9,['[SALAH] â€œAnies Kembali Izinkan Diskotik dan Pantai Pijat Buka di Jakartaâ€'],https://turnbackhoax.id/2020/06/11/salah-anies-kembali-izinkan-diskotik-dan-pantai-pijat-buka-di-jakarta/
10,['[SALAH] â€œGubernur Jakarta Anies Baswedan mendapat penghargaan terbaik di seluruh dunia dalam penanganan COVID-19â€'],https://turnbackhoax.id/2020/06/11/salah-gubernur-jakarta-anies-baswedan-mendapat-penghargaan-terbaik-di-seluruh-dunia-dalam-penanganan-covid-19/
11,"['[SALAH] â€œPemprov DKI Tunaikan Janji Bansos, Netizen Tagih Janji Ganjar Bagi Sembako di DKIâ€']",https://turnbackhoax.id/2020/06/10/salah-pemprov-dki-tunaikan-janji-bansos-netizen-tagih-janji-ganjar-bagi-sembako-di-dki/
12,['[SALAH] Usia 50 ke Atas Dilarang Masuk Mal Hingga Makan di Kafe pada Fase New Normal'],https://turnbackhoax.id/2020/05/30/salah-usia-50-ke-atas-dilarang-masuk-mal-hingga-makan-di-kafe-pada-fase-new-normal/
13,['[SALAH] â€œItalia mengalahkan COVID-19 â€œKoagulasi intravaskular diseminataâ€ (Trombosis)â€'],https://turnbackhoax.id/2020/05/26/salah-italia-mengalahkan-covid-19-koagulasi-intravaskular-diseminata-trombosis/
14,"['[SALAH] â€œBukannya memotong gajinya untuk mereka para tim medis, malah memotong tunjangan para tim medis.â€']",https://turnbackhoax.id/2020/05/21/salah-bukannya-memotong-gajinya-untuk-mereka-para-tim-medis-malah-memotong-tunjangan-para-tim-medis/
15,['[SALAH] â€œWapres Rakyat Yang Tidak Mau Bayar Iuran Kenaikan BPJS Dosanya 3 Turunan Tidak Diampuniâ€'],https://turnbackhoax.id/2020/05/16/salah-wapres-rakyat-yang-tidak-mau-bayar-iuran-kenaikan-bpjs-dosanya-3-turunan-tidak-diampuni/
16,['[SALAH] â€œIni ada ajakan yg menarik : Ada ide menarik banget dari Kwik Kian Gieâ€'],https://turnbackhoax.id/2020/05/14/salah-ini-ada-ajakan-yg-menarik-ada-ide-menarik-banget-dari-kwik-kian-gie/
17,['[SALAH] â€œSaran Jack Ma semoga kita bisa melewati tahun 2020â€'],https://turnbackhoax.id/2020/05/11/salah-saran-jack-ma-semoga-kita-bisa-melewati-tahun-2020/
18,['[SALAH] Pesan Berantai â€œTaman Raya Tahap V Zona Merah COVID-19â€'],https://turnbackhoax.id/2020/05/11/salah-pesan-berantai-taman-raya-tahap-v-zona-merah-covid-19/
19,['[SALAH] â€œKABAR BARU WARGA VIETNAM US!R KETURUNAN C!NAâ€'],https://turnbackhoax.id/2020/05/11/salah-kabar-baru-warga-vietnam-usr-keturunan-cna/
0,['[SALAH] Bupati Konawe Akui Disuap Menko Luhut'],https://turnbackhoax.id/2020/05/10/salah-bupati-konawe-akui-disuap-menko-luhut/
1,['[SALAH] Sri Mulyani: Pemerintah Pusat Tidak Memiliki Uang Untuk Membayar Utang Ke Pemprov DKI Jakarta'],https://turnbackhoax.id/2020/05/09/salah-sri-mulyani-pemerintah-pusat-tidak-memiliki-uang-untuk-membayar-utang-ke-pemprov-dki-jakarta/
2,"['[SALAH] â€œWarga Dibolehkan Mudik Oleh Kemenhub, Aturannya Keluar Kemarin Soreâ€']",https://turnbackhoax.id/2020/05/07/salah-warga-dibolehkan-mudik-oleh-kemenhub-aturannya-keluar-kemarin-sore/
3,['[SALAH] â€œmenteri kesehatan America sdh menandatangani persetujuan penggunaan chip 666 untuk virus coronaâ€'],https://turnbackhoax.id/2020/05/07/salah-menteri-kesehatan-america-sdh-menandatangani-persetujuan-penggunaan-chip-666-untuk-virus-corona/
4,['[SALAH] â€œJokowi: Hukuman Seumur Hidup Bagi Kepala Daerah Mainkan Bantuan Covid-19â€'],https://turnbackhoax.id/2020/05/06/salah-jokowi-hukuman-seumur-hidup-bagi-kepala-daerah-mainkan-bantuan-covid-19/
5,['[SALAH] Foto â€œwafat beberapa minggu yg lalu seorang penulis wanita dari Kuwait Nadiah al Jar rahimahallahâ€'],https://turnbackhoax.id/2020/05/01/salah-foto-wafat-beberapa-minggu-yg-lalu-seorang-penulis-wanita-dari-kuwait-nadiah-al-jar-rahimahallah/
6,['[SALAH] â€œProfesor Dr Tasuku Honjo mengatakan bahwa virus korona itu tidak alami. Cina telah membuatnyaâ€'],https://turnbackhoax.id/2020/04/29/salah-profesor-dr-tasuku-honjo-mengatakan-bahwa-virus-korona-itu-tidak-alami-cina-telah-membuatnya/
7,"['[SALAH] â€œCorona Merebak, Gibran Salahkan Rakyat Tak Patuhi Aturan Pemerintahâ€']",https://turnbackhoax.id/2020/04/28/salah-corona-merebak-gibran-salahkan-rakyat-tak-patuhi-aturan-pemerintah/
8,['[SALAH] Bioskop di Palangka Raya Kembali Buka di Tengah Persebaran Covid-19'],https://turnbackhoax.id/2020/04/27/salah-bioskop-di-palangka-raya-kembali-buka-di-tengah-persebaran-covid-19/
9,"['[SALAH] â€œPidato Lengkap Jokowi, Negara Kita Tidak Pernah Berutang, Hanya melakukan Pinjaman Luar Negeriâ€']",https://turnbackhoax.id/2020/04/27/salah-pidato-lengkap-jokowi-negara-kita-tidak-pernah-berutang-hanya-melakukan-pinjaman-luar-negeri/
10,['[SALAH] Pelintiran Konteks Foto Najwa & Tommy Soeharto'],https://turnbackhoax.id/2020/04/25/salah-pelintiran-konteks-foto-najwa-tommy-soeharto/
11,['[SALAH] Luhut Perintahkan TNI-Polri Tangkap Pemda yang Tutup Bandara'],https://turnbackhoax.id/2020/04/21/salah-luhut-perintahkan-tni-polri-tangkap-pemda-yang-tutup-bandara/
12,['[SALAH] Video Rapat Program Buka Puasa DKI Jakarta Tahun Ini'],https://turnbackhoax.id/2020/04/16/salah-video-rapat-program-buka-puasa-dki-jakarta-tahun-ini/
13,['[SALAH] Akun Media Sosial Erick Thohir For President 2024'],https://turnbackhoax.id/2020/04/15/salah-akun-media-sosial-erick-thohir-for-president-2024/
14,['[SALAH] Dokter Italia Sengaja Membunuh Pasien Virus Corona'],https://turnbackhoax.id/2020/04/12/salah-dokter-italia-sengaja-membunuh-pasien-virus-corona/
15,['[SALAH] Kumpulan Mobil di Pool Grab Cinere karena Sopir Tidak Sanggup Bayar Kredit Saat Covid-19'],https://turnbackhoax.id/2020/04/10/salah-kumpulan-mobil-di-pool-grab-cinere-karena-sopir-tidak-sanggup-bayar-kredit-saat-covid-19/
16,['[SALAH] â€œListrik gratis dan diskon yang diberikan negara dibiayai dengan utang dari Bank Dunia sebesar 5 triliunâ€'],https://turnbackhoax.id/2020/04/09/salah-listrik-gratis-dan-diskon-yang-diberikan-negara-dibiayai-dengan-utang-dari-bank-dunia-sebesar-5-triliun/
17,['[SALAH] Kota Cirebon Lockdown'],https://turnbackhoax.id/2020/04/08/salah-kota-cirebon-lockdown/
18,['[SALAH] â€œSakit hati gua bule kagak ada yang kenal sama my presiden ğŸ˜¥ğŸ˜¥ğŸ˜¥â€'],https://turnbackhoax.id/2020/04/07/salah-sakit-hati-gua-bule-kagak-ada-yang-kenal-sama-my-presiden-%f0%9f%98%a5%f0%9f%98%a5%f0%9f%98%a5/
19,['[SALAH] â€œRezim togog Bedebah pasilitasi karantina khusus untuk TKA SILUMAN CHINAâ€'],https://turnbackhoax.id/2020/04/06/salah-rezim-togog-bedebah-pasilitasi-karantina-khusus-untuk-tka-siluman-china/
0,['[SALAH] Pembunuhan Massal Berkedok Corona'],https://turnbackhoax.id/2020/04/04/salah-pembunuhan-massal-berkedok-corona/
1,['[SALAH] Jokowi Korupsi 59 Triliun di Tengah Wabah Corona'],https://turnbackhoax.id/2020/04/04/salah-jokowi-korupsi-59-triliun-di-tengah-wabah-corona/
2,['[SALAH] Video â€œIni lockdown di Spanyolâ€'],https://turnbackhoax.id/2020/04/03/salah-video-ini-lockdown-di-spanyol/
3,['[SALAH] Hanya Cicilan Nasabah yang Positif COVID-19 yang Dapat Ditangguhkan'],https://turnbackhoax.id/2020/03/26/hanya-cicilan-nasabah-yang-positif-covid-19-yang-dapat-ditangguhkan/
4,"['[SALAH] â€œSelain Jack Ma, Habib Rizieq Galang Dana Rp 500 M Lawan Coronaâ€']",https://turnbackhoax.id/2020/03/25/salah-selain-jack-ma-habib-rizieq-galang-dana-rp-500-m-lawan-corona/
5,"['[SALAH] Gara-Gara Virus Corona, TKA China Digaji 200 Juta Per Tahun']",https://turnbackhoax.id/2020/03/21/salah-gara-gara-virus-corona-tka-china-digaji-200-juta-per-tahun/
6,['[SALAH] Pasar Kodya Cirebon Ditutup Mulai 20 Maret 2020'],https://turnbackhoax.id/2020/03/20/salah-pasar-kodya-cirebon-ditutup-mulai-20-maret-2020/
7,"['[SALAH] Anjuran Mantan Menkes, Jemur Uang di Bawah Sinar Matahari Selama 30 Menit Bisa Cegah Penularan']",https://turnbackhoax.id/2020/03/17/salah-anjuran-mantan-menkes-jemur-uang-di-bawah-sinar-matahari-selama-30-menit-bisa-cegah-penularan/
8,['[SALAH] â€œChina Akui Dokter Palestina Penemu Vaksin Corona yang Terbukti Ampuh 100 Persenâ€'],https://turnbackhoax.id/2020/03/16/salah-china-akui-dokter-palestina-penemu-vaksin-corona-yang-terbukti-ampuh-100-persen/
9,['[SALAH] KKN Jokowi dan UGM'],https://turnbackhoax.id/2020/03/13/salah-kkn-jokowi-dan-ugm/
10,"['[SALAH] Negara Sudah Bangkrut, KK dan Akte Dicetak di Kertas HVS']",https://turnbackhoax.id/2020/03/11/salah-negara-sudah-bangkrut-kk-dan-akte-dicetak-di-kertas-hvs/
11,['[SALAH] â€œAnis sedang nyimak mendengarkan Keluhan Warganya yg Terdampak Utangâ€'],https://turnbackhoax.id/2020/03/10/salah-anis-sedang-nyimak-mendengarkan-keluhan-warganya-yg-terdampak-utang/
12,['[SALAH] â€œMenginformasikan di JICT bahwa Capt Kapal CMA CGM Virgina terkena Coronaâ€'],https://turnbackhoax.id/2020/03/07/salah-menginformasikan-di-jict-bahwa-capt-kapal-cma-cgm-virgina-terkena-corona/
13,"['[SALAH] Kartu Pra Kerja Sudah Jadi, Menganggur Digaji']",https://turnbackhoax.id/2020/03/04/salah-kartu-pra-kerja-sudah-jadi-menganggur-digaji/
14,['[SALAH] â€œSertifikasi Halal mau di Hapus di RUU Sapu Jagatâ€'],https://turnbackhoax.id/2020/02/15/salah-sertifikasi-halal-mau-di-hapus-di-ruu-sapu-jagat/
15,['[SALAH] Struk Tol Bisa Digunakan Untuk Klaim Asuransi dan Fasilitas Derek Gratis'],https://turnbackhoax.id/2020/02/13/salah-struk-tol-bisa-digunakan-untuk-klaim-asuransi-dan-fasilitas-derek-gratis/
16,"['[SALAH] Dubes China Buka Kartu: Tiap Tahun, 2 Juta Lebih Warga Kami Masuk Indonesia']",https://turnbackhoax.id/2020/02/13/salah-dubes-china-buka-kartu-tiap-tahun-2-juta-lebih-warga-kami-masuk-indonesia/
17,['[SALAH] â€œTERBONGKAR 19 BANDARA DI INDONESIA SEBAGAI JALAN MASUK EMIGRAN CHINAâ€'],https://turnbackhoax.id/2020/02/10/salah-terbongkar-19-bandara-di-indonesia-sebagai-jalan-masuk-emigran-china/
18,['Kompilasi Post Periksa Fakta MAFINDO Berkaitan Dengan Virus Corona'],https://turnbackhoax.id/2020/02/06/kompilasi-post-periksa-fakta-mafindo-berkaitan-dengan-virus-corona/
19,['[SALAH] â€œKing of The King Dony Pedro Memiliki Rekening Khusus Rp 720 Triliun di BNIâ€'],https://turnbackhoax.id/2020/02/05/salah-king-of-the-king-dony-pedro-memiliki-rekening-khusus-rp-720-triliun-di-bni/
0,['[SALAH] Foto Penampakan Banjir Yang Terjang Kawasan di Ibu Kota Baru Kalimantan'],https://turnbackhoax.id/2020/02/05/salah-foto-penampakan-banjir-yang-terjang-kawasan-di-ibu-kota-baru-kalimantan/
1,['[SALAH] â€œada 40 ribu tenaga kerja asal china di morowali yang sedang dalam pengawasan (karantina)â€'],https://turnbackhoax.id/2020/02/04/salah-ada-40-ribu-tenaga-kerja-asal-china-di-morowali-yang-sedang-dalam-pengawasan-karantina/
2,"['[SALAH] â€œSetelah Dikomfirmasi, Jokowi Sebut China Hanya Mengejar Ikan yang Lari ke Indonesia Melalui Natuna, Jadi Bukan Mencuriâ€']",https://turnbackhoax.id/2020/01/11/salah-setelah-dikomfirmasi-jokowi-sebut-china-hanya-mengejar-ikan-yang-lari-ke-indonesia-melalui-natuna-jadi-bukan-mencuri/
3,['[SALAH] Daftar 42 Harga Rokok Setelah Kenaikan Tarif Cukai'],https://turnbackhoax.id/2020/01/09/salah-daftar-42-harga-rokok-setelah-kenaikan-tarif-cukai/
4,['[SALAH] Pemasukan TikTok Digunakan untuk Mendirikan Kamp Konsentrasi Muslim Uighur China'],https://turnbackhoax.id/2020/01/06/salah-pemasukan-tiktok-digunakan-untuk-mendirikan-kamp-konsentrasi-muslim-uighur-china/
5,['[SALAH] Luhut Menteri Indonesia atau Dubes Khusus China Untuk Indonesia Tulisan Akbar Tandjung'],https://turnbackhoax.id/2020/01/05/salah-luhut-menteri-indonesia-atau-dubes-khusus-china-untuk-indonesia-tulisan-akbar-tandjung/
6,['[KLARIFIKASI] Stiker Halal Park di Terminal 3 Bandara Soetta'],https://turnbackhoax.id/2020/01/05/klarifikasi-stiker-halal-park-di-terminal-3-bandara-soetta/
7,['[SALAH] Tangkapan Layar Berita Media Daring Berjudul â€œPresiden Jokowi Marah Karena Kualitas Tenaga Kerja RI Masih Rendahâ€ dengan Tambahan Narasi â€œIni adalah salah satu faktor kenapa kami melakukan impor TKA besar-besaran dari Chinaâ€'],https://turnbackhoax.id/2020/01/05/salah-tangkapan-layar-berita-media-daring-berjudul-presiden-jokowi-marah-karena-kualitas-tenaga-kerja-ri-masih-rendah-dengan-tambahan-narasi-ini-adalah-salah-satu-faktor-k/
8,"['[SALAH] Sri Sultan Hamengku Buwono X Katakan Cina dan Keturunannya Tidak Pantas Jadi Pemimpin di Bumi Nusantara dan Fakta Sejarah, Tionghoa adalah Satu-satunya Penghianat NKRI']",https://turnbackhoax.id/2020/01/04/salah-sri-sultan-hamengku-buwono-x-katakan-cina-dan-keturunannya-tidak-pantas-jadi-pemimpin-di-bumi-nusantara-dan-fakta-sejarah-tionghoa-adalah-satu-satunya-penghianat-nkri/
9,"['[SALAH] Judul berita Tempo â€œMUI minta agar jangan bermain terompet dan mercon saat tahun baru, cukup teriak â€˜TOOTâ€™ dan â€˜DORâ€™ dengan kerasâ€¦â€']",https://turnbackhoax.id/2020/01/03/salah-judul-berita-tempo-mui-minta-agar-jangan-bermain-terompet-dan-mercon-saat-tahun-baru-cukup-teriak-toot-dan-dor-dengan-keras/
10,"['[KLARIFIKASI] Sempat Diinformasikan Gudangnya Terendam Banjir, Tokopedia Nyatakan Tidak Benar']",https://turnbackhoax.id/2020/01/03/klarifikasi-sempat-diinformasikan-gudangnya-terendam-banjir-tokopedia-nyatakan-tidak-benar/
11,"['[SALAH] China Menunggu Kekacauan Indonesia, Bila Indonesia Sudah Kacau, China Akan Masuk Ke Indonesia Dengan Alasan Mengamankan Harta Mereka']",https://turnbackhoax.id/2019/12/31/salah-china-menunggu-kekacauan-indonesia-bila-indonesia-sudah-kacau-china-akan-masuk-ke-indonesia-dengan-alasan-mengamankan-harta-mereka/
12,['[SALAH] Video Jokowi Mulai Pucat SBY Ungkap Pelaku Korupsi'],https://turnbackhoax.id/2019/12/30/salah-video-jokowi-mulai-pucat-sby-ungkap-pelaku-korupsi/
13,"['[KLARIFIKASI] Moeldoko bantah mantan Direktur Keuangan Jiwasraya, Hary Prasetyo adalah menantunya']",https://turnbackhoax.id/2019/12/29/klarifikasi-moeldoko-bantah-mantan-direktur-keuangan-jiwasraya-harry-prasetyo-adalah-menantunya/
14,['[SALAH] â€œMENHAN PRABOWO meminta Pada MENHAN CHINA untuk membebaskan para sandara yang di tahan di Cham Militer Chinaâ€'],https://turnbackhoax.id/2019/12/22/salah-menhan-prabowo-meminta-pada-menhan-china-untuk-membebaskan-para-sandara-yang-di-tahan-di-cham-militer-china/
15,"['[SALAH] â€œIni sumbernya Din Syamsudin, Presiden Joko Widodo menolak menemui ulama dari Uzbekistan dan Xinjiang, Cinaâ€']",https://turnbackhoax.id/2019/12/21/salah-ini-sumbernya-din-syamsudin-presiden-joko-widodo-menolak-menemui-ulama-dari-uzbekistan-dan-xinjiang-cina/
16,['[SALAH] Menhan Prabowo Ditekan Untuk Beli Pesawat Tempur Dari China'],https://turnbackhoax.id/2019/12/20/salah-menhan-prabowo-ditekan-untuk-beli-pesawat-tempur-dari-china/
17,"['[SALAH] Dirut Garuda, Ari Askhara adalah Anggota BIN']",https://turnbackhoax.id/2019/12/16/salah-dirut-garuda-ari-askhara-adalah-anggota-bin/
18,['[SALAH] â€œErick Thohir nyamar jadi tukang bakso waktu bongkar skandal Ari Garudaâ€'],https://turnbackhoax.id/2019/12/14/salah-erick-thohir-nyamar-jadi-tukang-bakso-waktu-bongkar-skandal-ari-garuda/
19,['[SALAH] Susi Pudjiastuti Sudah Menjadi Dirut Garuda yang Baru Pada 7 Desember 2019'],https://turnbackhoax.id/2019/12/11/salah-susi-pudjiastuti-sudah-menjadi-dirut-garuda-yang-baru-pada-7-desember-2019/
0,['[SALAH] Aplikasi DANA Adalah Buatan China Dan Memiliki Nama Asli Alipay'],https://turnbackhoax.id/2019/12/06/salah-aplikasi-dana-adalah-buatan-china-dan-memiliki-nama-asli-alipay/
1,['[KLARIFIKASI] ITB STIKOM Bali Berikan Klarifikasi Atas Isu Telah Terpapar ISIS'],https://turnbackhoax.id/2019/12/04/klarifikasi-itb-stikom-bali-berikan-klarifikasi-atas-isu-telah-terpapar-isis/
2,['[SALAH] Emoticon Baterai Pengisi Baterai Ponsel Ciptaan Mahasiswa Terbaik UI'],https://turnbackhoax.id/2019/11/27/salah-emoticon-baterai-pengisi-baterai-ponsel-ciptaan-mahasiswa-terbaik-ui/
3,"['[SALAH] Gara-gara Tamu Asing Sering ke Kantor Anies daripada ke Istana Presiden, Ibukota pun Dipindah']",https://turnbackhoax.id/2019/11/21/salah-gara-gara-tamu-asing-sering-ke-kantor-anies-daripada-ke-istana-presiden-ibukota-pun-dipindah/
4,['[SALAH] Pasti ada yang naruh bom sama tukang gojek agar Islam pun di sudutkan di tuduh teroris'],https://turnbackhoax.id/2019/11/14/salah-pasti-ada-yang-naruh-bom-sama-tukang-gojek-agar-islam-pun-di-sudutkan-di-tuduh-teroris/
5,['[SALAH] Penutupan perlintasan kereta karena menunggu masinis jajan di warung'],https://turnbackhoax.id/2019/11/08/salah-penutupan-perlintasan-kereta-karena-menunggu-masinis-jajan-di-warung/
6,"['[SALAH] Akhirnya Tabir Kebenaran Terbuka, Pengakuan Seorang JK']",https://turnbackhoax.id/2019/10/24/salah-akhirnya-tabir-kebenaran-terbuka-pengakuan-seorang-jk/
7,['[KLARIFIKASI] Ditjen Bea Cukai Angkat Bicara Terkait Munculnya Informasi Tawaran Hadiah Pulsa Bagi Masyarakat Yang Beri Info Jasa Titip Barang Bermerek'],https://turnbackhoax.id/2019/10/23/klarifikasi-ditjen-bea-cukai-angkat-bicara-terkait-munculnya-informasi-tawaran-hadiah-pulsa-bagi-masyarakat-yang-beri-info-jasa-titip-barang-bermerek/
8,['[BERITA] Klarifikasi Terkait Isu Bank Artos Diakuisisi Gojek Menjadi Bank Gojek'],https://turnbackhoax.id/2019/10/15/berita-klarifikasi-terkait-isu-bank-artos-diakuisisi-gojek-menjadi-bank-gojek/
9,['[SALAH] Susunan Kabinet II Jokowi-Amin'],https://turnbackhoax.id/2019/10/14/salah-susunan-kabinet-ii-jokowi-amin/
10,"['[SALAH] Rangkap Jabatan Menteri Dan Anggota DPR, Puan: Khan Gajinya Dobel']",https://turnbackhoax.id/2019/10/05/salah-rangkap-jabatan-menteri-dan-anggota-dpr-puan-khan-gajinya-dobel/
11,['[KLARIFIKASI] BEM FEB UI: Mahasiswa Dalam Foto Tidak Merusak Fasilitas Umum'],https://turnbackhoax.id/2019/10/03/klarifikasi-bem-feb-ui-mahasiswa-dalam-foto-tidak-merusak-fasilitas-umum/
12,['[SALAH] Titiek Soeharto mewakili delegasi Indonesia di Sidang Umum PBB 2019 bersama H. Kalla'],https://turnbackhoax.id/2019/10/01/salah-titiek-soeharto-mewakili-delegasi-indonesia-di-sidang-umum-pbb-2019-bersama-h-kalla/
13,"['[SALAH] Kemenag: Korupsi Itu Perbedaan Dalam Mencari Rezeki, Tidak Bertentangan Dengan Syariat']",https://turnbackhoax.id/2019/09/30/salah-kemenag-korupsi-itu-perbedaan-dalam-mencari-rezeki-tidak-bertentangan-dengan-syariat/
14,['[BERITA] Sriwijaya Air Group Bantah Setop Operasi'],https://turnbackhoax.id/2019/09/27/berita-sriwijaya-air-group-bantah-setop-operasi/
15,['[KLARIFIKASI] KPK Beri Klarifikasi Atas Isu Tunggangi Demonstrasi Mahasiswa'],https://turnbackhoax.id/2019/09/26/klarifikasi-kpk-beri-klarifikasi-atas-isu-tunggangi-demonstrasi-mahasiswa/
16,['[SALAH] Tiongkok Minta Dua Pulau untuk Bayar Utang RI'],https://turnbackhoax.id/2019/09/18/salah-tiongkok-minta-dua-pulau-untuk-bayar-utang-ri/
17,['[BERITA] Klarifikasi Terkait Isu Perubahan Nama Terminal di Bandara Soekarno-Hatta'],https://turnbackhoax.id/2019/09/17/berita-klarifikasi-terkait-isu-perubahan-nama-terminal-di-bandara-soekarno-hatta/
18,['[SALAH] Yusril Buat Pernyataan â€œJokowi Jangan Jadi Presiden Kalau Begini Caranyaâ€ Pasca Menjadi Kuasa Hukum Jokowi â€“ Maâ€™ruf'],https://turnbackhoax.id/2019/09/15/salah-yusril-buat-pernyataan-jokowi-jangan-jadi-presiden-kalau-begini-caranya-pasca-menjadi-kuasa-hukum-jokowi-maruf/
19,"['[SALAH] Harga Semua Beras Bakal Naik, Puan Malah Salahkan Rakyat Karna Rutin Makan']",https://turnbackhoax.id/2019/09/15/salah-harga-semua-beras-bakal-naik-puan-malah-salahkan-rakyat-karna-rutin-makan/
0,['[SALAH] Ungkapan Hati BJ Habibie Soal Akhirat'],https://turnbackhoax.id/2019/09/13/salah-ungkapan-hati-bj-habibie-soal-akhirat/
1,"['[SALAH] â€œOpini dari Dahlan Iskan MENYEMBAH TUHAN, MENGABAIKAN KEMANUSIAANâ€']",https://turnbackhoax.id/2019/09/02/salah-opini-dari-dahlan-iskan-menyembah-tuhan-mengabaikan-kemanusiaan/
2,['[SALAH] Pelintiran Premis â€œGaris Lurus Beijing â€“ Kalimantan Timurâ€'],https://turnbackhoax.id/2019/08/27/salah-pelintiran-premis-garis-lurus-beijing-kalimantan-timur/
3,"['[SALAH] Dijebol Siber Rp 9 Triliun, Bank Mandiri Segera Bangkrut?']",https://turnbackhoax.id/2019/08/15/salah-dijebol-siber-rp-9-triliun-bank-mandiri-segera-bangkrut/
4,['[SALAH] Beredar Nama-nama Menteri dan Pejabat Setingkat Menteri Kabinet Jilid II yang diputuskan Jokowi â€“ Maâ€™ruf di Istana Bogor'],https://turnbackhoax.id/2019/08/11/salah-beredar-nama-nama-menteri-dan-pejabat-setingkat-menteri-kabinet-jilid-ii-yang-diputuskan-jokowi-maruf-di-istana-bogor/
5,['[BERITA] Kementerian PUPR Beri Penjelasan Mengenai Isu Rumah Subsidi Sudah Habis'],https://turnbackhoax.id/2019/08/08/berita-kementerian-pupr-beri-penjelasan-mengenai-isu-rumah-subsidi-sudah-habis/
6,['[KLARIFIKASI] â€œvisa bebas dijadikan sarana rakyat China datang ke Indonesia cari pekerjaanâ€'],https://turnbackhoax.id/2019/07/28/klarifikasi-visa-bebas-dijadikan-sarana-rakyat-china-datang-ke-indonesia-cari-pekerjaan/
7,['[BERITA] PT Pos Indonesia Membantah Isu Telah Bangkrut'],https://turnbackhoax.id/2019/07/26/berita-pt-pos-indonesia-membantah-isu-telah-bangkrut/
8,"['[SALAH] â€œSaid Aqil: Negara China Bukan Negara Komunis, Yang Komunis Itu Justru Arab?â€']",https://turnbackhoax.id/2019/07/25/salah-said-aqil-negara-china-bukan-negara-komunis-yang-komunis-itu-justru-arab/
9,['[KLARIFIKASI] Dampak Mekanisme Pertahanan Kaki Seribu'],https://turnbackhoax.id/2019/07/21/klarifikasi-dampak-mekanisme-pertahanan-kaki-seribu/
10,['[SALAH] â€œKhoirul Anwar Penemu 4G LTEâ€'],https://turnbackhoax.id/2019/07/20/salah-khoirul-anwar-penemu-4g-lte/
11,['[SALAH] â€œNegara ente digadai ke China KOMUNISâ€'],https://turnbackhoax.id/2019/07/15/salah-negara-ente-digadai-ke-china-komunis/
12,['[SALAH] â€œKrakatau steel di kuasai cinaâ€'],https://turnbackhoax.id/2019/07/14/salah-krakatau-steel-di-kuasai-cina/
13,"['[SALAH] Imunisasi adalah tipu daya zionist, yang sebenarnya memasukkan bibit penyakit untuk jangka pendek maupun panjang']",https://turnbackhoax.id/2019/07/14/salah-imunisasi-adalah-tipu-daya-zionist-yang-sebenarnya-memasukkan-bibit-penyakit-untuk-jangka-pendek-maupun-panjang/
14,['[SALAH] Khanzarof : Hasil Cloning Dokter Hewan Amerika dan Rusia yang berasal dari Campuran Kambing dan Babi'],https://turnbackhoax.id/2019/07/10/salah-khanzarof-hasil-cloning-dokter-hewan-amerika-dan-rusia-yang-berasal-dari-campuran-kambing-dan-babi/
15,['[SALAH] Video Citilink Terbangkan Satu Penumpang Dari Kertajati Ke Surabaya'],https://turnbackhoax.id/2019/07/03/salah-video-citilink-terbangkan-satu-penumpang-dari-kertajati-ke-surabaya/
16,['[SALAH] Jokowi pidato hanya satu menit jadi tertawaan orang Jepang'],https://turnbackhoax.id/2019/07/02/salah-jokowi-pidato-hanya-satu-menit-jadi-tertawaan-orang-jepang/
17,['[KLARIFIKASI] Ormas â€œForum Bhayangkara Indonesiaâ€'],https://turnbackhoax.id/2019/06/27/klarifikasi-ormas-forum-bhayangkara-indonesia/
18,['[SALAH] Kas Negara Kosong'],https://turnbackhoax.id/2019/06/22/salah-kas-negara-kosong/
19,['[KLARIFIKASI] Dinas PPAPP DKI Batalkan Rapat yang Undang Muslimah HTI'],https://turnbackhoax.id/2019/06/19/klarifikasi-dinas-ppapp-dki-batalkan-rapat-yang-undang-muslimah-hti/
0,['[SALAH] Ada Ajakan Aksi Bertajuk â€œPUNCAK AKSI AKBAR TERBESAR *MENUJU KEMENANGAN* PRABOWO SUBIANTO â€“ SANDIAGA UNOâ€'],https://turnbackhoax.id/2019/06/16/salah-ada-ajakan-aksi-bertajuk-puncak-aksi-akbar-terbesar-menuju-kemenangan-prabowo-subianto-sandiaga-uno/
1,['[SALAH] Lion Air Memiliki Utang Kepada Boeing dan Airbus Sebesar Rp614 Triliun'],https://turnbackhoax.id/2019/06/14/salah-lion-air-memiliki-utang-kepada-boeing-dan-airbus-sebesar-rp614-triliun/
2,['[SALAH]  China Airlines sudah beroperasi ke Makassar'],https://turnbackhoax.id/2019/06/14/salah-china-airlines-sudah-beroperasi-ke-makassar/
3,['[SALAH] Kapolres Solok Kota Sebut Polri Diberi Porsi Terdepan dan Teratas Dalam Menjaga Keamanan Nasional'],https://turnbackhoax.id/2019/06/11/salah-kapolres-solok-kota-sebut-polri-diberi-porsi-terdepan-dan-teratas-dalam-menjaga-keamanan-nasional/
4,"['[SALAH] â€œKPU Panik, Semua Data BPN, TNI, PKS, IPB & ITB Semua Memenangkan 02â€']",https://turnbackhoax.id/2019/06/10/salah-kpu-panik-semua-data-bpn-tni-pks-ipb-itb-semua-memenangkan-02/
5,"['[KLARIFIKASI] Harga Tiket Kereta JKT-SBY Dijual hingga Rp 1,5 Juta']",https://turnbackhoax.id/2019/06/02/klarifikasi-harga-tiket-kereta-jkt-sby-dijual-hingga-rp-15-juta/
6,['[SALAH] Bos Mayapada Jadi Pembina Brimob dan TNI'],https://turnbackhoax.id/2019/05/29/salah-bos-mayapada-jadi-pembina-brimob-dan-tni/
7,['[SALAH] Tol Jakarta â€“ Cikampek Ambruk'],https://turnbackhoax.id/2019/05/22/salah-tol-jakarta-cikampek-ambruk/
8,['[SALAH] â€œGURU Mau DIIMPOR Jugaâ€'],https://turnbackhoax.id/2019/05/13/salah-guru-mau-diimpor-juga/
9,['[SALAH] ULAMA DI BANTEN DIBACOK SIMPATISAN PKI'],https://turnbackhoax.id/2019/05/08/salah-ulama-di-banten-dibacok-simpatisan-pki/
10,['[BERITA] â€œBank Indonesia: Utang Luar Negeri Rp 5.295 T Masih Amanâ€'],https://turnbackhoax.id/2019/05/06/berita-bank-indonesia-utang-luar-negeri-rp-5-295-t-masih-aman/
11,['[SALAH] Kaesang Pangarep (anak ketiga Jokowi) Komisaris Perusahaan Batu Bara yang lg â€˜nyamarâ€™ jadi penjual Pisang & Kopi'],https://turnbackhoax.id/2019/04/26/salah-kaesang-pangarep-anak-ketiga-jokowi-komisaris-perusahaan-batu-bara-yang-lg-nyamar-jadi-penjual-pisang-kopi/
12,['[SALAH] SUSUNAN KABINET KERJA JILID II JOKOWI MAâ€™RUF'],https://turnbackhoax.id/2019/04/26/salah-susunan-kabinet-kerja-jilid-ii-jokowi-maruf/
13,['[BENAR] Klarifikasi Kementerian BUMN Atas Isu BRI Akuisisi Jiwasraya'],https://turnbackhoax.id/2019/04/23/benar-klarifikasi-kementerian-bumn-atas-isu-bri-akuisisi-jiwasraya/
14,['[SALAH] Pesan Dari Jusuf Kalla'],https://turnbackhoax.id/2019/04/22/salah-pesan-dari-jusuf-kalla/
15,['[BENAR] Klarifikasi PT Schroder Terkait Isu Memberikan Dana Kampanye Untuk Sandiaga Uno'],https://turnbackhoax.id/2019/04/11/benar-klarifikasi-pt-schroder-terkait-isu-memberikan-dana-kampanye-untuk-sandiaga-uno/
16,['[SALAH] Pemerintah Jokowi Tawarkan Kota Bogor Kepada Cina'],https://turnbackhoax.id/2019/04/10/salah-pemerintah-jokowi-tawarkan-kota-bogor-kepada-cina/
17,['[SALAH] Dana haji dipakai oleh pemerintah Jokowi untuk membangun infrastruktur'],https://turnbackhoax.id/2019/04/08/salah-dana-haji-dipakai-oleh-pemerintah-jokowi-untuk-membangun-infrastruktur/
18,['[SALAH] â€œMahatir Mohammad minta China membongkar semua jalan Tolâ€'],https://turnbackhoax.id/2019/04/04/salah-mahatir-mohammad-minta-china-membongkar-semua-jalan-tol/
19,['[SALAH] Habib Rizieq Syihab : Menlu Retno LP Marsudi mengimbau staf KBRI Riyadh dan KJRI Jeddah di Arab Saudi agar memenangkan capres Jokowi'],https://turnbackhoax.id/2019/04/02/salah-habib-rizieq-syihab-menlu-retno-lp-marsudi-mengimbau-staf-kbri-riyadh-dan-kjri-jeddah-di-arab-saudi-agar-memenangkan-capres-jokowi/
0,['[SALAH] Foto di Post â€œPRABOWO SANDI DINANTI DUNIA!â€'],https://turnbackhoax.id/2019/03/30/salah-foto-di-post-prabowo-sandi-dinanti-dunia/
1,['[SALAH] â€œKok bebas acungkan 1 jari?â€'],https://turnbackhoax.id/2019/03/25/salah-kok-bebas-acungkan-1-jari/
2,['[SALAH] Tangkapan Layar Artikel â€œKPK Minta Jangan Coblos Calon yang Bagi Uang dan Sembakoâ€'],https://turnbackhoax.id/2019/03/23/salah-tangkapan-layar-artikel-kpk-minta-jangan-coblos-calon-yang-bagi-uang-dan-sembako/
3,['[SALAH] DOKUMEN NEGARA DIANGKUT KONTAINER BERTULISKAN HURUF CINA'],https://turnbackhoax.id/2019/03/11/salah-dokumen-negara-diangkut-kontainer-bertuliskan-huruf-cina/
4,['[SALAH] â€œTenang pak Anies Baswedan kita masih punya medsosâ€'],https://turnbackhoax.id/2019/03/10/salah-tenang-pak-anies-baswedan-kita-masih-punya-medsos/
5,['[SALAH] Turn Back Hoax Dibentuk Bukan Untuk Menangkal Hoax Melainkan Untuk Menaikkan Elektabilitas Jokowi'],https://turnbackhoax.id/2019/03/09/salah-turn-back-hoax/
6,['[SALAH] â€œAtau ini bukti kecintaannya terhadap NKRI harga mati?â€'],https://turnbackhoax.id/2019/03/03/salah-atau-ini-bukti-kecintaannya-terhadap-nkri-harga-mati/
7,['[SALAH] â€œIslam tdk boleh ditegakkanâ€'],https://turnbackhoax.id/2019/03/02/salah-islam-tdk-boleh-ditegakkan/
8,['[SALAH] Tiket Promo Kereta Api Hut BUMN 21'],https://turnbackhoax.id/2019/02/21/salah-tiket-promo-kereta-api-hut-bumn-21/
9,['[SALAH] â€œPawai penyambutan Pak Prabowo di Bandungâ€'],https://turnbackhoax.id/2019/02/10/salah-pawai-penyambutan-pak-prabowo-di-bandung/
10,['[BENAR] Pembangunan Jembatan Gantung Sikundo'],https://turnbackhoax.id/2019/02/09/benar-pembangunan-jembatan-gantung-sikundo/
11,['[SALAH] JOKOWI JADI ORANG TERKAYA NOMOR 18 DI ASIA'],https://turnbackhoax.id/2019/01/30/salah-jokowi-jadi-orang-terkaya-nomor-18-di-asia/
12,['[SALAH] â€œSby akhirnya mendukung kerja pemerintah jokowiâ€'],https://turnbackhoax.id/2019/01/30/salah-sby-akhirnya-mendukung-kerja-pemerintah-jokowi/
13,['[BENAR] Penjelasan Terkait Beredarnya Foto Kartu E-Money Prabowo-Sandi'],https://turnbackhoax.id/2019/01/28/benar-penjelasan-terkait-beredarnya-foto-kartu-e-money-prabowo-sandi/
14,['[SALAH] Jokowi akan Bekerja Sama dengan Beberapa Bank Menggunakan Dana Nasabah untuk Proyek Besar'],https://turnbackhoax.id/2019/01/28/salah-jokowi-akan-bekerja-sama-dengan-beberapa-bank-menggunakan-dana-nasabah-untuk-proyek-besar/
15,"['[SALAH] Artikel Sangat Berharga: Pengakuan Jujur Jusuf Kalla, Perjuangan Moral Jokowi']",https://turnbackhoax.id/2019/01/23/salah-artikel-sangat-berharga-pengakuan-jujur-jusuf-kalla-perjuangan-moral-jokowi/
16,['[SALAH] Pesan Terakhir Seorang Miliarder Bernama Steve Gouves'],https://turnbackhoax.id/2019/01/22/salah-pesan-terakhir-seorang-miliarder-bernama-steve-gouves/
17,['[SALAH] â€œJadi yang Antek Jongos dan Budak Asing itu siapa?â€'],https://turnbackhoax.id/2019/01/22/salah-jadi-yang-antek-jongos-dan-budak-asing-itu-siapa/
18,['[SALAH] â€œSaya kira ini tanda-tandaâ€'],https://turnbackhoax.id/2019/01/21/salah-saya-kira-ini-tanda-tanda/
19,"['[SALAH] Maâ€™ruf Amin: Jika Saya Kalah, Umat Islam Akan Berdosa dan Masuk Neraka Semua!!']",https://turnbackhoax.id/2019/01/21/salah-maruf-amin-jika-saya-kalah-umat-islam-akan-berdosa-dan-masuk-neraka-semua/
0,['[BENAR] Cek Fakta Pidato Kebangsaan Prabowo Subianto'],https://turnbackhoax.id/2019/01/15/benar-cek-fakta-pidato-kebangsaan-prabowo-subianto/
1,['[BENAR] Penjelasan Para Elit Garbi Terkait Para Peserta Acara Deklarasi Garbi Chapter Bandung yang Memakai Kaos Jokowi-Maâ€™ruf Amin'],https://turnbackhoax.id/2019/01/14/benar-penjelasan-para-elit-garbi-terkait-para-peserta-acara-deklarasi-garbi-chapter-bandung-yang-memakai-kaos-jokowi-maruf-amin/
2,['[SALAH] Kominfo Akan Blokir Game Online'],https://turnbackhoax.id/2019/01/11/salah-kominfo-akan-blokir-game-online/
3,['[BENAR] Klarifikasi TNI-Polri Terhadap Tudingan Melakukan Penyanderaan Rombongan Tim Evakuasi Kemanusiaan dan Pemda Nduga'],https://turnbackhoax.id/2019/01/02/benar-klarifikasi-tni-polri-terhadap-tudingan-melakukan-penyanderaan-rombongan-tim-evakuasi-kemanusiaan-dan-pemda-nduga/
4,['[SALAH] â€œTIDAK DIBERITAKAN OLEH MEDIA MAINSTREAMâ€'],https://turnbackhoax.id/2019/01/01/salah-tidak-diberitakan-oleh-media-mainstream/
5,['[SALAH] â€œTernyata Sandiaga Salahuddin Uno ( SANDI ) Punya Gelar Professor tetapi tidak dipakainyaâ€'],https://turnbackhoax.id/2019/01/01/salah-ternyata-sandiaga-salahuddin-uno-sandi-punya-gelar-professor-tetapi-tidak-dipakainya/
6,['[SALAH] â€œKeren Sultan Jogja Tolak Tolâ€'],https://turnbackhoax.id/2018/12/25/salah-keren-sultan-jogja-tolak-tol/
7,['[SALAH] â€œSelamat datang penjajah yg legalâ€'],https://turnbackhoax.id/2018/12/11/salah-selamat-datang-penjajah-yg-legal/
8,['[BENAR] Perhutani Mengklarifikasi Penemuan Lahan Pembibitan Ganja di Bogor'],https://turnbackhoax.id/2018/12/04/benar-perhutani-mengklarifikasi-penemuan-lahan-pembibitan-ganja-di-bogor/
9,['[SALAH] â€œLUAR BIASA! ERDOGAN : NEGARA ISLAM HARUS MEMBANTU INDONESIA KELUAR DARI HUTANG!â€'],https://turnbackhoax.id/2018/11/30/salah-luar-biasa-erdogan-negara-islam-harus-membantu-indonesia-keluar-dari-hutang/
10,['[SALAH] Bendungan Katulampa Jebol Pada 27 November 2018'],https://turnbackhoax.id/2018/11/28/salah-bendungan-katulampa-jebol-pada-27-november-2018/
11,"['[SALAH] â€œATAS KEINGINAN JOKOWI, CHINA SEGERA KIRIM 3 JUTA WARGANYA KE INDONESIAâ€']",https://turnbackhoax.id/2018/11/27/salah-atas-keinginan-jokowi-china-segera-kirim-3-juta-warganya-ke-indonesia/
12,['[BENAR] Penjelasan Kepala Media Center Prabowo terkait Pidato Prabowo yang Sebut Indonesia Hanya Punya 1 Profesor Fisika'],https://turnbackhoax.id/2018/11/26/benar-penjelasan-kepala-media-center-prabowo-terkait-pidato-prabowo-yang-sebut-indonesia-hanya-punya-1-profesor-fisika/
13,['[SALAH] â€œBen Indonesia geger terusâ€'],https://turnbackhoax.id/2018/11/26/salah-ben-indonesia-geger-terus/
14,['[SALAH] Ada Beberapa Tempat Menginap Gratis untuk Peserta Reuni Alumni 212'],https://turnbackhoax.id/2018/11/26/salah-ada-beberapa-tempat-menginap-gratis-untuk-peserta-reuni-alumni-212/
15,"['[SALAH] Gubernur Jatim, Khofifah Indar Parawansa Masuk Timses Prabowo â€“ Sandi']",https://turnbackhoax.id/2018/11/13/salah-gubernur-jatim-khofifah-indar-parawansa-masuk-timses-prabowo-sandi/
16,['[BENAR] Kemenhub Klarifikasi Terkait Isu Pilot Indonesia Banyak Yang Tidak Lulus Ujian Simulator Airbus di Australia'],https://turnbackhoax.id/2018/11/06/benar-kemenhub-klarifikasi-terkait-isu-pilot-indonesia-banyak-yang-tidak-lulus-ujian-simulator-airbus-di-australia/
17,['[SALAH] â€œTolong Bela Boyolali Yo Masâ€'],https://turnbackhoax.id/2018/11/05/salah-tolong-bela-boyolali-yo-mas/
18,['[SALAH] â€œSKENARIO COKLAT1â€'],https://turnbackhoax.id/2018/10/28/salah-skenario-coklat1/
19,['[BENAR] Klarifikasi Dahnil Anzar Terkait â€˜E-mail Skenario Coklat1â€™'],https://turnbackhoax.id/2018/10/28/benar-klarifikasi-dahnil-anzar-terkait-e-mail-skenario-coklat1/
0,['[BENAR] Klarifikasi PT Go-Jek Terkait Isu Adanya Pemutihan Massal Akun Eks Mitra Go-Jek'],https://turnbackhoax.id/2018/10/25/benar-klarifikasi-pt-go-jek-terkait-isu-adanya-pemutihan-massal-akun-eks-mitra-go-jek/
1,['[SALAH] â€œSURAT WAKALAH INFRA STRUKTUR DANA HAJIâ€'],https://turnbackhoax.id/2018/10/21/salah-surat-wakalah-infra-struktur-dana-haji/
2,['[SALAH] â€œTANPA KK & KTP (catat baik-baik)â€'],https://turnbackhoax.id/2018/10/20/salah-tanpa-kk-ktp-catat-baik-baik/
3,['[Isu] Jokowi dianggap pernah menuturkan kata pribumi seperti tertulis pada judul berita di radarbanten dan cnnindonesia. Skrinsut terlampir. Awalnya beredar melalui whatsapp.'],https://turnbackhoax.id/2018/10/17/isu-jokowi-dianggap-pernah-menuturkan-kata-pribumi-seperti-tertulis-pada-judul-berita-di-radarbanten-dan-cnnindonesia-skrinsut-terlampir-awalnya-beredar-melalui-whatsapp/
4,['[SALAH] â€œBIARKAN YOGYAKARTA TANPA JALAN TOLâ€'],https://turnbackhoax.id/2018/10/14/salah-biarkan-yogyakarta-tanpa-jalan-tol/
5,['[SALAH] â€œTerjadi Gempa Susulan yang Berpotensi Tsunami di Maduraâ€'],https://turnbackhoax.id/2018/10/12/salah-terjadi-gempa-susulan-yang-berpotensi-tsunami-di-madura/
6,['[BENAR] â€œBPS Tampik Pernyataan Sandiaga yang Sebut Makan Siang di Singapura Lebih Murah daripada di Indonesiaâ€'],https://turnbackhoax.id/2018/10/10/benar-bps-tampik-pernyataan-sandiaga-yang-sebut-makan-siang-di-singapura-lebih-murah-daripada-di-indonesia/
7,['[BENAR] Klarifikasi Kementerian Luar Negeri Terkait Isu Pelarangan Anak Habib Rizieq Masuk Yaman'],https://turnbackhoax.id/2018/10/09/benar-klarifikasi-kementerian-luar-negeri-terkait-isu-pelarangan-anak-habib-rizieq-masuk-yaman/
8,['[KLARIFIKASI] â€œTak Benar Kwik Kian Gie Meninggal Duniaâ€'],https://turnbackhoax.id/2018/10/09/klarifikasi-tak-benar-kwik-kian-gie-meninggal-dunia/
9,['[SALAH] Meme Jokowi toast menggunakan Wine'],https://turnbackhoax.id/2018/10/08/salah-meme-jokowi-toast-menggunakan-wine/
10,['[BENAR] Gempa Palu Bukan Penyebab Erupsi Gunung Soputan'],https://turnbackhoax.id/2018/10/05/benar-gempa-palu-bukan-penyebab-erupsi-gunung-soputan/
11,['[SALAH] â€œPesindo (Organ PKI)â€'],https://turnbackhoax.id/2018/10/02/salah-pesindo-organ-pki/
12,['[BENAR] Penjelasan Airnav Indonesia terkait Kabar Mengenai Kondisi Bandara SIS Al-Jufrie di Palu yang Tidak Kondusif'],https://turnbackhoax.id/2018/10/01/benar-penjelasan-airnav-indonesia-terkait-kabar-mengenai-kondisi-bandara-sis-al-jufrie-di-palu-yang-tidak-kondusif/
13,['[BENAR] DJP Bantah Call Centernya Meminta Data KTP dan Identitas Lainnya'],https://turnbackhoax.id/2018/09/27/benar-djp-bantah-call-centernya-meminta-data-ktp-dan-identitas-lainnya/
14,['[SALAH] â€œPDIP Menerima Kunjungan PKI Chinaâ€'],https://turnbackhoax.id/2018/09/25/salah-pdip-menerima-kunjungan-pki-china/
15,['[SALAH] Infografis Integrasi Tarif Tol JORR'],https://turnbackhoax.id/2018/09/22/salah-infografis-integrasi-tarif-tol-jorr/
16,['[SALAH] â€œDiscount 35% Teriak 2 Periodeâ€'],https://turnbackhoax.id/2018/09/20/salah-discount-35-teriak-2-periode/
17,['[BENAR] Klarifikasi Video TKA China Mengukur Tanah'],https://turnbackhoax.id/2018/09/20/benar-klarifikasi-video-tka-china-mengukur-tanah/
18,['(SALAH) Dana Bantuan Pada Buku Tabungan Bodong Untuk Renovasi Rumah Korban Gempa di Lombok'],https://turnbackhoax.id/2018/09/18/salah-dana-bantuan-pada-buku-tabungan-bodong-untuk-renovasi-rumah-korban-gempa-di-lombok/
19,['[BENAR] â€œMisbakhun Bantah Fasilitasi RSCC Adakan Konferensi Pers Terkait Pemblokiran Rekening Bank Milik Ruben PS Mareyâ€'],https://turnbackhoax.id/2018/09/16/benar-misbakhun-bantah-fasilitasi-rscc-adakan-konferensi-pers-terkait-pemblokiran-rekening-bank-milik-ruben-ps-marey/
0,['[BENAR] Revisi deskripsi foto di berita Tempo â€œRumah Tahan Gempa Rp 15 Juta Mulai Berdiri di Lombok Utaraâ€'],https://turnbackhoax.id/2018/09/14/benar-revisi-deskripsi-foto-di-berita-tempo-rumah-tahan-gempa-rp-15-juta-mulai-berdiri-di-lombok-utara/
1,['[SALAH] INFO REKRUTMEN CPNS 2018'],https://turnbackhoax.id/2018/09/06/salah-info-rekrutmen-cpns-2018/
2,['[BENAR] Pertamina Bantah Mengurangi Kuota BBM Bersubsidi Di Wilayah Solo Raya dan DI Yogyakarta'],https://turnbackhoax.id/2018/09/05/benar-pertamina-bantah-mengurangi-kuota-bbm-bersubsidi-di-wilayah-solo-raya-dan-di-yogyakarta/
3,['(SALAH): Surat Panggilan Wawancara Calon Pegawai Bank Indonesia'],https://turnbackhoax.id/2018/09/03/salah-surat-panggilan-wawancara-calon-pegawai-bank-indonesia/
4,['[SALAH] Penggunaan foto di post tulisan â€œPencak Silat Memeluk Semua yang Mencintainyaâ€'],https://turnbackhoax.id/2018/09/02/salah-penggunaan-foto-di-post-tulisan-pencak-silat-memeluk-semua-yang-mencintainya/
5,['[SALAH] â€œPak SBY dan Istri pernah mengunjungi Lahan Kota Langitâ€'],https://turnbackhoax.id/2018/08/31/salah-pak-sby-dan-istri-pernah-mengunjungi-lahan-kota-langit/
6,['[SALAH] â€œPrabowo Subianto â€“ Sandiaga Uno Telah Membuat Daftar Nama dan Susunan Menteri Kabinetâ€'],https://turnbackhoax.id/2018/08/26/salah-prabowo-subianto-sandiaga-uno-telah-membuat-daftar-nama-dan-susunan-menteri-kabinet/
7,['[SALAH] Sri Mulyani Tantang Pembenci Jokowi'],https://turnbackhoax.id/2018/08/24/salah-sri-mulyani-tantang-pembenci-jokowi/
8,"['[SALAH] Artikel â€˜Akal Pendek Obral Aset Bangsa !!!â€™ Ditulis Oleh Akbar Faisal, Anggota DPR RI Fraksi Partai NasDem']",https://turnbackhoax.id/2018/08/23/salah-artikel-akal-pendek-obral-aset-bangsa-ditulis-oleh-akbar-faisal-anggota-dpr-ri-fraksi-partai-nasdem/
9,['[SALAH] Dukungan KH Said Aqil Siradj ke Prabowo-Sandiaga'],https://turnbackhoax.id/2018/08/22/salah-dukungan-kh-said-aqil-siradj-ke-prabowo-sandiaga/
10,['[SALAH] Badai Pasir Terjadi Karena Spanduk #2019GantiPresiden'],https://turnbackhoax.id/2018/08/22/salah-badai-pasir-terjadi-karena-spanduk-2019gantipresiden/
11,['[BENAR] Belum Ada Susunan Resmi Tim Kampanye/Pemenangan Pasangan Prabowo-Sandi Hingga Kini (21 Agustus 2018)'],https://turnbackhoax.id/2018/08/21/benar-belum-ada-susunan-resmi-tim-kampanye-pemenangan-pasangan-prabowo-sandi-hingga-kini-21-agustus-2018/
12,['[SALAH] Ponpes Bata-Bata Pamekasan Dukung Khilafah Gantikan Pancasila'],https://turnbackhoax.id/2018/08/20/salah-ponpes-bata-bata-pamekasan-dukung-khilafah-gantikan-pancasila/
13,['[FALSE] â€œIndonesian Government still hasnâ€™t declared a National Disaster. Incredible.â€ | [SALAH] â€œPemerintah Indonesia masih belum mendeklarasikan Bencana Nasional. Luar biasa.â€'],https://turnbackhoax.id/2018/08/17/false-indonesian-government-still-hasnt-declared-a-national-disaster-incredible-salah-pemerintah-indonesia-masih-belum-mendeklarasikan-bencana-nasional-luar-biasa/
14,['[SALAH] â€œIndonesia Baru Mengetahuinyaâ€ (kasus Wilfrida Soik)'],https://turnbackhoax.id/2018/08/17/salah-indonesia-baru-mengetahuinya-kasus-wilfrida-soik/
15,['[SALAH] â€œMike Pompeo tidak temui Jokowi tanda kuat bakal wasalamâ€'],https://turnbackhoax.id/2018/08/15/salah-mike-pompeo-tidak-temui-jokowi-tanda-kuat-bakal-wasalam/
16,['[SALAH] â€œMari kita lihat siapa di balik Prabowo â€“ Sandiaga Unoâ€'],https://turnbackhoax.id/2018/08/15/salah-mari-kita-lihat-siapa-di-balik-prabowo-sandiaga-uno/
17,['[SALAH] â€œPengakuan Jusuf Kalla perjuangan moral Jokowiâ€'],https://turnbackhoax.id/2018/08/15/salah-pengakuan-jusuf-kalla-perjuangan-moral-jokowi/
18,['[SALAH] â€œMaafkan kami masyarakat Lombokâ€'],https://turnbackhoax.id/2018/08/14/salah-maafkan-kami-masyarakat-lombok/
19,['[SALAH] â€œPemberitahuan pemenang undian bank BRIâ€'],https://turnbackhoax.id/2018/08/12/salah-pemberitahuan-pemenang-undian-bank-bri/
0,['[SALAH] Memo SBY Dukung Jokowi-Maâ€™aruf Amin Pada Kamis Malam (9/8)'],https://turnbackhoax.id/2018/08/10/salah-memo-sby-dukung-jokowi-maaruf-amin-pada-kamis-malam-9-8/
1,"['[BENAR] DIKABARKAN MUNDUR DARI KSP, MOELDOKO BERI KLARIFIKASI']",https://turnbackhoax.id/2018/08/08/14066/
2,['[SALAH] â€œSri Mulyani Lelang Miras Solusi Defisit Anggaranâ€'],https://turnbackhoax.id/2018/08/05/salah-sri-mulyani-lelang-miras-solusi-defisit-anggaran/
3,['[SALAH] â€œMakin Parah Pesawat Kepresidenan Dijual?â€'],https://turnbackhoax.id/2018/08/04/salah-makin-parah-pesawat-kepresidenan-dijual/
4,['[SALAH] â€œMUI Mengeluarkan Daftar Bumbu dan Makanan yang Mengandung Babiâ€'],https://turnbackhoax.id/2018/07/26/salah-mui-mengeluarkan-daftar-bumbu-dan-makanan-yang-mengandung-babi/
5,['[BENAR] Pertamina Tidak Bangkrut'],https://turnbackhoax.id/2018/07/25/benar-pertamina-tidak-bangkrut/
6,['[BENAR] â€œRatusan Pekerja Pertamina RU II Dumai Tolak Akuisisi Pertagasâ€'],https://turnbackhoax.id/2018/07/21/benar-ratusan-pekerja-pertamina-ru-ii-dumai-tolak-akuisisi-pertagas/
7,"['[BENAR] KONDISI WILAYAHNYA DISEBUT TIDAK AMAN, BUPATI NDUGA PAPUA BERI KLARIFIKASI']",https://turnbackhoax.id/2018/07/18/benar-kondisi-wilayahnya-disebut-tidak-aman-bupati-nduga-papua-beri-klarifikasi/
8,['[SALAH] â€œSeluruh Biaya Muhammad Zohri Bukan Diurus Kemenporaâ€'],https://turnbackhoax.id/2018/07/15/salah-seluruh-biaya-muhammad-zohri-bukan-diurus-kemenpora/
9,['[BENAR] Kementerian PUPR Beri Klarifikasi Perihal Isu Pengambilalihan Proyek Enam Ruas Tol di DKI Jakarta'],https://turnbackhoax.id/2018/07/15/benar-kementerian-pupr-beri-klarifikasi-perihal-isu-pengambilalihan-proyek-enam-ruas-tol-di-dki-jakarta/
10,['[SALAH] â€œMenyusup ke Segala Bidang Perlahan Tapi Pastiâ€'],https://turnbackhoax.id/2018/07/15/salah-menyusup-ke-segala-bidang-perlahan-tapi-pasti/
11,['[BENAR] Kemenhub Beri Klarifikasi Atas Kabar yang Menyebutkan Ada 2 Pegawai Ditahan Usai Kebakaran di Gedung Kemenhub'],https://turnbackhoax.id/2018/07/09/benar-kemenhub-beri-klarifikasi-atas-kabar-yang-menyebutkan-ada-2-pegawai-ditahan-usai-kebakaran-di-gedung-kemenhub/
12,"['[BENAR] â€œDoktor yang jadi Pemulung Sampah ini, Ternyata Adiknya Pramodya Ananta Toerâ€']",https://turnbackhoax.id/2018/07/07/benar-doktor-yang-jadi-pemulung-sampah-ini-ternyata-adiknya-pramodya-ananta-toer/
13,['[BENAR] Kantor Staf Kepresidenan Mengklarifikasi Bahwa Tidak Ada Dokumen Penting Negara yang Hilang Pada Kasus Pencurian Terhadap Stafnya'],https://turnbackhoax.id/2018/07/06/benar-kantor-staf-kepresidenan-mengklarifikasi-bahwa-tidak-ada-dokumen-penting-negara-yang-hilang-pada-kasus-pencurian-terhadap-stafnya/
14,"['[SALAH] â€œIndonesia ku sayang, Indonesia ku malangâ€']",https://turnbackhoax.id/2018/07/01/salah-indonesia-ku-sayang-indonesia-ku-malang/
15,['[SALAH] Pemerintah Akan Mencabut Subsidi Gas Elpiji 3 Kilogram Pada Bulan Juli'],https://turnbackhoax.id/2018/06/26/salah-pemerintah-akan-mencabut-subsidi-gas-elpiji-3-kilogram-pada-bulan-juli/
16,['[SALAH] â€œDi Hari Raya Ini Kami Ucapkan Kepada Pemilik Wajah di Bawah Iniâ€'],https://turnbackhoax.id/2018/06/17/salah-di-hari-raya-ini-kami-ucapkan-kepada-pemilik-wajah-di-bawah-ini/
17,['[BENAR] â€œManajemen Garuda Indonesia Tegaskan Tidak Ada Penjualan atau Penawaran Saham kepada Perusahaan Chinaâ€'],https://turnbackhoax.id/2018/06/05/benar-manajemen-garuda-indonesia-tegaskan-tidak-ada-penjualan-atau-penawaran-saham-kepada-perusahaan-china/
18,['[BENAR] â€œKPK Bantah Keluarkan File Berbentuk PDF yang Berisi Nama-nama Calon Kepala Daerah yang Diduga Terlibat Korupsiâ€'],https://turnbackhoax.id/2018/06/04/benar-kpk-bantah-keluarkan-file-berbentuk-pdf-yang-berisi-nama-nama-calon-kepala-daerah-yang-diduga-terlibat-korupsi/
19,['[SALAH] â€œSri Mulyani Ditolak Kedatangannya Ke Gontor dengan Membawa Cek Bernilai Besarâ€'],https://turnbackhoax.id/2018/05/28/salah-sri-mulyani-ditolak-kedatangannya-ke-gontor-dengan-membawa-cek-bernilai-besar/
0,['[SALAH] Pencairan Tunjangan Hari Raya (THR) Bagi Pensiunan Pegawai Negeri Sipil (PNS) Dilakukan Tanggal 5 Juni 2018'],https://turnbackhoax.id/2018/05/23/salah-pencairan-tunjangan-hari-raya-thr-bagi-pensiunan-pegawai-negeri-sipil-pns-dilakukan-tanggal-5-juni-2018/
1,['[SALAH] Pertalite Naik Jadi Rp8.150/Liter'],https://turnbackhoax.id/2018/05/22/salah-pertalite-naik-jadi-rp8-150-liter/
2,['[SALAH] â€œTiga Bank Besar Indonesia Jatuh ke Tangan Cinaâ€'],https://turnbackhoax.id/2018/05/19/salah-tiga-bank-besar-indonesia-jatuh-ke-tangan-cina/
3,['[SALAH] â€œRatusan Ton Narkoba yang Masuk ke Indonesia untuk Pembiayaan Terorisâ€'],https://turnbackhoax.id/2018/05/18/salah-ratusan-ton-narkoba-yang-masuk-ke-indonesia-untuk-pembiayaan-teroris/
4,['[SALAH] â€œTernyata Mbak Dita Ini Mantan Kristen Menjadi Mualafâ€'],https://turnbackhoax.id/2018/05/16/salah-ternyata-mbak-dita-ini-mantan-kristen-menjadi-mualaf/
5,['[BENAR] Kurma Impor Produksi Israel'],https://turnbackhoax.id/2018/05/13/benar-kurma-impor-produksi-israel/
6,['[SALAH] Salat Diiringi Musik Dugem di Aceh'],https://turnbackhoax.id/2018/05/08/salah-salat-diiringi-musik-dugem-di-aceh/
7,['[BERITA] â€œAncaman Cina Bukan Lagi Fiksiâ€'],https://turnbackhoax.id/2018/05/06/berita-ancaman-cina-bukan-lagi-fiksi/
8,"['[SALAH] â€œSadarlah Wahai Rakyat Indonesia, Kita Ini Sedang Di Jajahâ€']",https://turnbackhoax.id/2018/05/03/salah-sadarlah-wahai-rakyat-indonesia-kita-ini-sedang-di-jajah/
9,['[SALAH] Video Percakapan â€œBagi-Bagi Jatahâ€ Menteri BUMN Rini Soemarno bersama Dirut PLN Sofyan Basri'],https://turnbackhoax.id/2018/05/02/salah-video-percakapan-bagi-bagi-jatah-menteri-bumn-rini-soemarno-bersama-dirut-pln-sofyan-basri/
10,['[BENAR] â€œJokowi Restui WNA Duduki Jabatan Direksi BUMNâ€'],https://turnbackhoax.id/2018/04/22/benar-jokowi-restui-wna-duduki-jabatan-direksi-bumn/
11,['[SALAH] â€œJokowi Meminta Masyarakat Beralih Menggunakan Mata Uang Tiongkok Ini Negara Indonesia Apa Chinaâ€'],https://turnbackhoax.id/2018/04/20/salah-jokowi-meminta-masyarakat-beralih-menggunakan-mata-uang-tiongkok-ini-negara-indonesia-apa-china/
12,['[SALAH] â€œBEM RI Tegas Akan Hentikan Pencalonan Jokowi di Pilpres 2019â€'],https://turnbackhoax.id/2018/04/18/salah-bem-ri-tegas-akan-hentikan-pencalonan-jokowi-di-pilpres-2019/
13,['[SALAH] â€œApa Ini yang Disebut NKRI Harga Mati?â€'],https://turnbackhoax.id/2018/04/18/salah-apa-ini-yang-disebut-nkri-harga-mati/
14,['[BENAR] Klarifikasi PT Wijaya Karya Terkait Kabar Ambruknya Proyek Tol Manado-Bitung'],https://turnbackhoax.id/2018/04/18/benar-klarifikasi-pt-wijaya-karya-terkait-kabar-ambruknya-proyek-tol-manado-bitung/
15,['[SALAH] â€œLihat Antrian Panjang Anak Negeri Mau Melamar Kerja di McD Cikarangâ€'],https://turnbackhoax.id/2018/04/14/salah-lihat-antrian-panjang-anak-negeri-mau-melamar-kerja-di-mcd-cikarang/
16,"['[SALAH] CALON GUBERNUR SULSEL, NURDIN ABDULLAH DERITA KANKER DI LEHER']",https://turnbackhoax.id/2018/04/13/salah-calon-gubernur-sulsel-nurdin-abdullah-derita-kanker-di-leher/
17,['[BENAR] â€œNU dan NW di NTB Bersaudaraâ€'],https://turnbackhoax.id/2018/04/09/benar-nu-dan-nw-di-ntb-bersaudara/
18,['[BENAR] Berita â€œPelabuhan Mewah yang Diresmikan Jokowi Jadi Pelabuhan Hantuâ€ yang Diturunkan'],https://turnbackhoax.id/2018/04/07/benar-berita-pelabuhan-mewah-yang-diresmikan-jokowi-jadi-pelabuhan-hantu-yang-diturunkan/
19,['[SALAH] â€œPulau Kita di Kabupaten Berau Sudah Dijualâ€'],https://turnbackhoax.id/2018/04/03/salah-pulau-kita-di-kabupaten-berau-sudah-dijual/
0,['[SALAH] Jajak Pendapat Google â€œJoko Widodo Dianggap Layak Memimpin untuk Dua Periodeâ€'],https://turnbackhoax.id/2018/04/02/salah-jajak-pendapat-google-joko-widodo-dianggap-layak-memimpin-untuk-dua-periode/
1,['[SALAH] Jadwal Perpindahan Maskapai Penerbangan Dari Terminal 2 ke Terminal 3 Internasional Bandara Soekarno-Hatta'],https://turnbackhoax.id/2018/04/02/salah-jadwal-perpindahan-maskapai-penerbangan-dari-terminal-2-ke-terminal-3-internasional-bandara-soekarno-hatta/
2,['[SALAH] â€œAngola Resmi Larang Islam di Negaranyaâ€'],https://turnbackhoax.id/2018/04/01/salah-angola-resmi-larang-islam-di-negaranya/
3,['[SALAH] â€œ9 Merek Pembalut di Indonesia Penyebab Kankerâ€'],https://turnbackhoax.id/2018/04/01/salah-9-merek-pembalut-di-indonesia-penyebab-kanker/
4,['[BENAR] Klarifikasi Mahfud Md Terkait Tuduhan Ratna Sarumpaet Terhadapnya'],https://turnbackhoax.id/2018/03/30/benar-klarifikasi-mahfud-md-terkait-tuduhan-ratna-sarumpaet-terhadapnya/
5,['[BENAR] â€œLippo Group Tetap Gaji Para Marketing Meikarta dan Menjaga Invenstornyaâ€'],https://turnbackhoax.id/2018/03/22/benar-lippo-group-tetap-gaji-para-marketing-meikarta-dan-menjaga-invenstornya/
6,['[BENAR] Brookings Institution: â€œPercakapan dengan Joko Widodo Presiden Indonesiaâ€'],https://turnbackhoax.id/2018/03/21/benar-brookings-institution-percakapan-dengan-joko-widodo-presiden-indonesia/
7,['[BENAR] â€œKunjungan Jokowi ke NZ disambut aksi Papua Merdekaâ€'],https://turnbackhoax.id/2018/03/21/benar-kunjungan-jokowi-ke-nz-disambut-aksi-papua-merdeka/
8,['[BERITA] â€œParlemen Singapura Belajar Antihoaks kepada Indonesiaâ€'],https://turnbackhoax.id/2018/03/19/berita-parlemen-singapura-belajar-antihoaks-kepada-indonesia/
9,"['[SALAH] Informasi Tarif Tol Jakarta-Surabaya yang Beredar di Media Sosial, Media Pesan, dan Media Daring']",https://turnbackhoax.id/2018/03/16/salah-informasi-tarif-tol-jakarta-surabaya-yang-beredar-di-media-sosial-media-pesan-dan-media-daring/
10,['[SALAH] â€œTKA Harus Nyaman Tinggal di Sini Dengan Gaji Tinggiâ€'],https://turnbackhoax.id/2018/03/14/salah-tka-harus-nyaman-tinggal-di-sini-dengan-gaji-tinggi/
11,['[BENAR] â€œPelaku Penusukan Ustaz di Depok Telah Belasan Tahun Alami Gangguan Jiwaâ€'],https://turnbackhoax.id/2018/03/11/benar-pelaku-penusukan-ustaz-di-depok-telah-belasan-tahun-alami-gangguan-jiwa/
12,['[HOAKS] Emil Salim Meninggal'],https://turnbackhoax.id/2018/03/05/hoaks-emil-salim-meninggal/
13,"['[BERITA] â€œThe Family MCA dan Saracen, Bisnis Hoaks Serupa tetapi Tak Samaâ€']",https://turnbackhoax.id/2018/02/28/berita-the-family-mca-dan-saracen-bisnis-hoaks-serupa-tetapi-tak-sama/
14,['[SALAH] â€œPenyerangan Terhadap Muazin di Masjid Agung Pameungpeuk Garutâ€'],https://turnbackhoax.id/2018/02/28/salah-penyerangan-terhadap-muazin-di-masjid-agung-pameungpeuk-garut/
15,"['[BENAR] â€œTolak Gugatan, Hakim Tegaskan Nonpribumi Tak Boleh Punya Tanah di Yogyaâ€']",https://turnbackhoax.id/2018/02/28/benar-tolak-gugatan-hakim-tegaskan-nonpribumi-tak-boleh-punya-tanah-di-yogya/
16,['[KLARIFIKASI] â€œPresiden Jokowi Temui Perwakilan Partai Komunis Chinaâ€'],https://turnbackhoax.id/2018/02/21/klarifikasi-presiden-jokowi-temui-perwakilan-partai-komunis-china/
17,['[KLARIFIKASI] Harga Beras Di Pangkalpinang Tidak Naik'],https://turnbackhoax.id/2018/02/15/klarifikasi-harga-beras-di-pangkalpinang-tidak-naik/
18,['[HOAKS] Pers Rilis Seketariat Presiden Menyebut Sri Mulyani Menteri Antek Aseng'],https://turnbackhoax.id/2018/02/13/hoaks-pers-rilis-seketariat-presiden-menyebut-sri-mulyani-menteri-antek-aseng/
19,"['[DISINFORMASI] â€œBukankah Zakat Itu Satu Tahun Sekali (Haul), Jadi Kalau Bulanan Itu Namanya Zakat Apa?â€']",https://turnbackhoax.id/2018/02/07/disinformasi-bukankah-zakat-itu-satu-tahun-sekali-haul-jadi-kalau-bulanan-itu-namanya-zakat-apa/
0,['[KLARIFIKASI] â€œPulau RI Dijual Onlineâ€'],https://turnbackhoax.id/2018/01/21/klarifikasi-pulau-ri-dijual-online/
1,['[BERITA] â€œBersama Melawan Penyebar Hoaksâ€'],https://turnbackhoax.id/2018/01/21/berita-bersama-melawan-penyebar-hoaks/
2,['[DISINFORMASI] â€œBerarti Selama Ini Kita Nyimeng dengan Kearifan Lokalâ€'],https://turnbackhoax.id/2018/01/18/disinformasi-berarti-selama-ini-kita-nyimeng-dengan-kearifan-lokal/
3,['[DISINFORMASI] â€œHARIAN KOMPAS UPERCUT JOKOWI. KEMATIAN BAYI BERANTAI DI PAPUA TERSEMBUNYI DIBALIK PENCITRAANâ€'],https://turnbackhoax.id/2018/01/15/disinformasi-harian-kompas-upercut-jokowi-kematian-bayi-berantai-di-papua-tersembunyi-dibalik-pencitraan/
4,['(DISINFORMASI): Wortel Dari Cina Yang Bisa Membuat Bodoh Anak'],https://turnbackhoax.id/2018/01/12/disinformasi-wortel-dari-cina-yang-bisa-membuat-bodoh-anak/
5,"['[DISINFORMASI] SIMALAKAMA JOKOWI, ANUT â€˜MAZHAB WASHINGTON CONSENSUSâ€™, SRI MULYANI GUNAKAN TAX AMNESTI UNTUK KERUK UANG PAJAK']",https://turnbackhoax.id/2018/01/05/disinformasi-simalakama-jokowi-anut-mazhab-washington-consensus-sri-mulyani-gunakan-tax-amnesti-untuk-keruk-uang-pajak/
6,['[HOAX + HASUT] POLITIK LUAR NEGERI JOKOWI DI ASEAN HANYA UNTUK MENCARI INVESTASI DAN UTANG'],https://turnbackhoax.id/2018/01/03/hoax-hasut-politik-luar-negeri-jokowi-di-asean-hanya-untuk-mencari-investasi-dan-utang/
7,"['[KLARIFIKASI] â€œBeredar Broadcast Jokowi soal Pilkada DKI, Istana: Berita Bohongâ€']",https://turnbackhoax.id/2018/01/03/klarifikasi-beredar-broadcast-jokowi-soal-pilkada-dki-istana-berita-bohong/
8,['[HOAX] â€œIndomaret dan Alfamart Milik 9 Naga Jugaâ€'],https://turnbackhoax.id/2018/01/02/hoax-indomaret-dan-alfamart-milik-9-naga-juga/
9,['[DISINFORMASI] â€œMudah-Mudahan Masih Banyak Rakyat Lugu yang Masih Bisa Ditipu Melalui Pencitraan yang Selama Ini Jadi Andalanâ€'],https://turnbackhoax.id/2018/01/01/disinformasi-mudah-mudahan-masih-banyak-rakyat-lugu-yang-masih-bisa-ditipu-melalui-pencitraan-yang-selama-ini-jadi-andalan/
10,['[DISINFORMASI] â€œDari Jusuf Kalla: PERJUANGAN MORAL JOKOWIâ€'],https://turnbackhoax.id/2017/12/31/disinformasi-dari-jusuf-kalla-perjuangan-moral-jokowi/
11,['[KLARIFIKASI] â€œBPJS Tak Tanggung Jaminan Kesehatan Untuk Perokokâ€'],https://turnbackhoax.id/2017/12/08/klarifikasi-bpjs-tak-tanggung-jaminan-kesehatan-untuk-perokok/
12,['[DISINFORMASI] â€œDana Haji Melayangâ€'],https://turnbackhoax.id/2017/11/30/disinformasi-dana-haji-melayang/
13,['[HOAX] â€œNilai Tukar Rupiah terhadap Dolar pernah Rp. 20 Ribu karena Ulah Kredit Alutsistaâ€'],https://turnbackhoax.id/2017/11/28/hoax-nilai-tukar-rupiah-terhadap-dolar-pernah-rp-20-ribu-karena-ulah-kredit-alutsista/
14,['[KLARIFIKASI] â€œBPJS Tak Tanggung Biaya Pengobatan 8 Penyakit Katastropikâ€'],https://turnbackhoax.id/2017/11/27/klarifikasi-bpjs-tak-tanggung-biaya-pengobatan-8-penyakit-katastropik/
15,"['[KLARIFIKASI] â€œIngin Bangun Mall, Agung Podomoro Dituduh Sebagai Dalang Pembakaran Pasar Aur Kuning, Bukit Tinggi.â€']",https://turnbackhoax.id/2017/11/20/klarifikasi-ingin-bangun-mall-agung-podomoro-dituduh-sebagai-dalang-pembakaran-pasar-aur-kuning-bukit-tinggi/
16,['[HOAX] Budi Waseso Nyalon di Pilgub Sumut Melalui PDIP'],https://turnbackhoax.id/2017/11/17/hoax-budi-waseso-nyalon-di-pilgub-sumut-melalui-pdip/
17,"['[BERITA] â€œMarak Hoax, Pemerintah Didesak Terapkan Kurikulum Digitalâ€']",https://turnbackhoax.id/2017/11/10/berita-marak-hoax-pemerintah-didesak-terapkan-kurikulum-digital/
18,['[KLARIFIKASI] â€œTriawan Munaf Jadi Korban Hoaxâ€'],https://turnbackhoax.id/2017/11/09/klarifikasi-triawan-munaf-jadi-korban-hoax/
19,"['[BERITA] â€œBantah Hoaks, Kominfo Sebut Registrasi SIM Murni untuk Keamananâ€']",https://turnbackhoax.id/2017/11/01/berita-bantah-hoaks-kominfo-sebut-registrasi-sim-murni-untuk-keamanan/
0,['[DISINFORMASI] Kesediaan Umat Islam Melakukan Doa Untuk Warga Jayapura'],https://turnbackhoax.id/2017/10/15/disinformasi-kesediaan-umat-islam-melakukan-doa-untuk-warga-jayapura/
1,['[DISINFORMASI] Sebuah Rezim Yang Mencari Solusi Pembiayaan Pembangunan Dengan Cara Menjual Aset-Aset Vital Negara'],https://turnbackhoax.id/2017/10/15/disinformasi-sebuah-rezim-yang-mencari-solusi-pembiayaan-pembangunan-dengan-cara-menjual-aset-aset-vital-negara/
2,['(DISINFORMASI/MISINFORMASI) Terusan Kra Membunuh 3 Negara'],https://turnbackhoax.id/2017/10/07/disinformasi-misinformasi-terusan-kra-membunuh-3-negara/
3,['(HOAX) Tulisan Yusril Ihza Mahendra Tentang Masa Depan Anak Cucu Kita'],https://turnbackhoax.id/2017/10/05/hoax-tulisan-yusril-ihza-mahendra-tentang-masa-depan-anak-cucu-kita/
4,['(HOAX) Seruan jihad mengatasnamakan Eep Saefulloh Fatah'],https://turnbackhoax.id/2017/10/05/hoax-seruan-jihad-mengatasnamakan-eep-saefulloh-fatah/
5,['(EDUKASI) Propaganda: Senjata Paling Ampuh dalam Perang'],https://turnbackhoax.id/2017/09/06/edukasi-propaganda-senjata-paling-ampuh-dalam-perang/
6,['[KLARIFIKASI] Lowongan Kerja PT Pupuk Sriwidjaja'],https://turnbackhoax.id/2017/08/29/klarifikasi-lowongan-kerja-pt-pupuk-sriwidjaja/
7,['(DISINFORMASI): Nama Meikarta diambil Dari Tragedi Mei Jakarta 98'],https://turnbackhoax.id/2017/08/23/disinformasi-nama-meikarta-diambil-dari-tragedi-mei-jakarta-98/
8,['(HOAX+HASUT) Pemerintah Indonesia Mengundang SNSD Untuk Hut RI'],https://turnbackhoax.id/2017/07/31/hoaxhasut-pemerintah-indonesia-mengundang-snsd-untuk-hut-ri/
9,['[DISINFORMASI] Uang Rupiah Baru Bertandatangan Menteri Keuangan'],https://turnbackhoax.id/2017/07/18/disinformasi-uang-rupiah-baru-bertandatangan-menteri-keuangan/
10,['(EDUKASI): Momentum Kebangkitan Nasional'],https://turnbackhoax.id/2017/05/19/edukasi-momentum-kebangkitan-nasional/
11,['[HOAX] J Kristiadi Buat Surat Terbuka kepad Jusuf Kalla Terkait Pengusaha Keturunan Tionghoa'],https://turnbackhoax.id/2017/05/14/hoax-j-kristiadi-buat-surat-terbuka-kepad-jusuf-kalla-terkait-pengusaha-keturunan-tionghoa/
12,['[EDUKASI] Ini Penyebab Upaya Mengatasi Hoax akan Jadi Sia-sia'],https://turnbackhoax.id/2017/04/25/edukasi-ini-penyebab-upaya-mengatasi-hoax-akan-jadi-sia-sia/
13,['[KLARIFIKASI] Disneyland Akan Dibangun di Boyolali Jawa Tengah'],https://turnbackhoax.id/2017/04/17/klarifikasi-disneyland-akan-dibangun-di-boyolali-jawa-tengah/
14,['[MISINFORMASI] Pabrik Semen Rembang Diyakini Tak Ganggu Produksi Air Tanah'],https://turnbackhoax.id/2017/04/09/misinformasi-pabrik-semen-rembang-diyakini-tak-ganggu-produksi-air-tanah/
15,['[HOAX] Jual Beli Properti Harus Tercatat dalam SPT Pemilik atau Telah Dilaporkan dalam Tax Amnesty'],https://turnbackhoax.id/2017/04/07/hoax-jual-beli-properti-harus-tercatat-dalam-spt-pemilik-atau-telah-dilaporkan-dalam-tax-amnesty/
16,['HOAX: Meme Anggaran Kemendikbud 400 Trilyun'],https://turnbackhoax.id/2017/03/08/hoax-meme-anggaran-kemendikbud-400-trilyun/
17,['[HOAX] 450 RIBU KTP DIKIRIMKAN DARI KAMBOJA UNTUK KEPENTINGAN KAMPANYE'],https://turnbackhoax.id/2017/02/12/hoax-450-ribu-ktp-dikirimkan-dari-kamboja-untuk-kepentingan-kampanye/
18,['(KLARIFIKASI): Tulisan Ustadz Felix Siauw Tentang Habib Rizzieq'],https://turnbackhoax.id/2017/01/31/klarifikasi-tulisan-ustadz-felix-siauw-tentang-habib-rizzieq/
19,['[EDUKASI] VOX HOAX VOX DEI / SUARA HOAX SUARA TUHAN'],https://turnbackhoax.id/2017/01/24/edukasi-vox-hoax-vox-dei-suara-hoax-suara-tuhan/
0,['[BERITA] Hasil Rata-rata Survei Masyarakat Anti Fitnah Indonesia â€“ Surabaya'],https://turnbackhoax.id/2017/01/19/berita-hasil-rata-rata-survei-masyarakat-anti-fitnah-indonesia-surabaya/
1,['(KLARIFIKASI) Tanggapan Polri Terkait Isu Sipil Papua Bersenjata yang Ingin Menyatakan Perang'],https://turnbackhoax.id/2017/01/10/klarifikasi-tanggapan-polri-terkait-isu-sipil-papua-bersenjata-yang-ingin-menyatakan-perang/
2,['(EDUKASI) Tips Hindari Ancaman Pidana Menyebarkan Hoax'],https://turnbackhoax.id/2017/01/08/edukasi-tips-hindari-ancaman-pidana-menyebarkan-hoax/
3,['(KLARIFIKASI) Kenaikan Penerimaan Negara Bukan Pajak (PNBP)'],https://turnbackhoax.id/2017/01/08/klarifikasi-kenaikan-penerimaan-negara-bukan-pajak-pnbp/
4,['[DISINFORMASI] Hoax Untuk Memuji Jokowi akan Dibiarkan Saja Terkait Pemberitaan â€˜Jokowi Pemimpin Terbaikâ€™ dari Media Bloomberg'],https://turnbackhoax.id/2017/01/07/disinformasi-hoax-untuk-memuji-jokowi-akan-dibiarkan-saja-terkait-pemberitaan-jokowi-pemimpin-terbaik-dari-media-bloomberg/
5,['(KLARIFIKASI): Pemerintah Lepas Tanggung Jawab Perihal Kenaikan Pajak Kendaraan Bermotor'],https://turnbackhoax.id/2017/01/05/klarifikasi-pemerintah-lepas-tanggung-jawab-perihal-kenaikan-pajak-kendaraan-bermotor/
6,['[KLARIFIKASI] Alfamart dan Indomaret di Beberapa Tempat Disinyalir Berganti Nama'],https://turnbackhoax.id/2016/12/30/klarifikasi-alfamart-dan-indomaret-di-beberapa-tempat-disinyalir-berganti-nama/
7,"['[DISINFORMASI] â€œRakyat miskin nekat jual emas rekannya untuk bayar tempat tinggalnya di tahan tanpa belas kasihan, pemerintah mencuri uang rakyat di lindungi hukum pun bungkam.!!!â€']",https://turnbackhoax.id/2016/12/29/disinformasi-rakyat-miskin-nekat-jual-emas-rekannya-untuk-bayar-tempat-tinggalnya-di-tahan-tanpa-belas-kasihan-pemerintah-mencuri-uang-rakyat-di-lindungi-hukum-pun-bungkam/
8,['(HASUT) Isu Indonesia Dibanjiri Jutaan Tenaga Kerja Asing Asal China'],https://turnbackhoax.id/2016/12/26/hasut-isu-indonesia-dibanjiri-jutaan-tenaga-kerja-asing-asal-china/
9,['[DISINFORMASI] Foto Jembatan Cisomang Jalan Tol Purbaleunyi Jalan Tol Purbaleunyi Bergeser'],https://turnbackhoax.id/2016/12/23/disinformasi-foto-jembatan-cisomang-jalan-tol-purbaleunyi-jalan-tol-purbaleunyi-bergeser/
10,['(KLARIFIKASI): Pemilihan 12 Pahlawan Nasional Dalam Cetakan Pecahan Uang Rupiah Baru'],https://turnbackhoax.id/2016/12/20/klarifikasi-pemilihan-12-pahlawan-nasional-dalam-cetakan-pecahan-uang-rupiah-baru/
11,['(HOAX) Pelatihan Masjid Cyber Army di Masjid Baitul Ihsan Bank Indonesia'],https://turnbackhoax.id/2016/12/16/hoax-pelatihan-masjid-cyber-army-di-masjid-baitul-ihsan-bank-indonesia/
12,['(HOAX) Angola Melarang Agama Islam'],https://turnbackhoax.id/2016/12/16/hoax-angola-melarang-agama-islam/
13,['(HOAX): Rush Money Perbankan'],https://turnbackhoax.id/2016/11/26/hoax-rush-money-perbankan/
14,"['[EDUKASI] Pertemuan Netizen dengan Kapolri, Jendral Tito Karnavian untuk Anti Hoax']",https://turnbackhoax.id/2016/11/24/edukasi-pertemuan-netizen-dengan-kapolri-jendral-tito-karnavian-untuk-anti-hoax/
15,['[HOAX] Foto Kerusuhan Demo Anti Trump di Amerika Serikat'],https://turnbackhoax.id/2016/11/19/hoax-foto-kerusuhan-demo-anti-trump-di-amerika-serikat/
16,['(HOAX) Marie Elka Pangestu dan Huawei Memasukkan Pekerja Ilegal Ke Indonesia'],https://turnbackhoax.id/2016/11/15/hoax-marie-elka-pangestu-dan-huawei-memasukkan-pekerja-ilegal-ke-indonesia/
17,['(DISINFORMASI) Harga Daging Lebih Murah di Singapura Daripada DKI Jakarta'],https://turnbackhoax.id/2016/10/11/disinformasiharga-daging-lebih-murah-di-singapura-daripada-dki-jakarta/
18,['(HOAX + HASUT) Pembuat Desain Roti Al Maidah: 51'],https://turnbackhoax.id/2016/10/10/hoax-hasut-pembuat-desain-roti-al-maidah-51/
19,"['[DISINFORMASI] Tidak Ada Media Yang Meliput Demo Buruh Di Depan Gedung KPK, Balai Kota, dan Sekitar Istana']",https://turnbackhoax.id/2016/09/30/disinformasi-tidak-ada-media-yang-meliput-demo-buruh-di-depan-gedung-kpk-balai-kota-dan-sekitar-istana/
0,"['(HOAX) : Bangkrut, Jokowi Lirik Uang Zakat di Baznaz Buat Dipakai']",https://turnbackhoax.id/2016/09/16/hoax-bangkrut-jokowi-lirik-uang-zakat-di-baznaz-buat-dipakai/
1,['(HOAX)Wacana Revisi Undang-Undang Kewarganegaraan'],https://turnbackhoax.id/2016/08/25/hoaxwacana-revisi-undang-undang-kewarganegaraan/
2,['[KLARIFIKASI] Aparat Dukcapil Bingung Rusun Kapuk Muara Mayoritas Diisi Pendatang Tionghoa dan Bermobil Mewah'],https://turnbackhoax.id/2016/07/16/klarifikasi-aparat-dukcapil-bingung-rusun-kapuk-muara-mayoritas-diisi-pendatang-tionghoa-dan-bermobil-mewah/
3,"['[DISINFORMASI] Akhirnya 3 Bank Besar Indonesia Berhutang Besar ke Cina, Apa Selanjutnya ?']",https://turnbackhoax.id/2016/07/15/disinformasi-akhirnya-3-bank-besar-indonesia-berhutang-besar-ke-cina-apa-selanjutnya/
4,['[KLARIFIKASI] Mendagri Menghapus Perda Syariah Tentang Membaca Al Quran di Batam'],https://turnbackhoax.id/2016/06/24/klarifikasi-mendagri-menghapus-perda-syariah-tentang-membaca-al-quran-di-batam/
5,['(DISINFORMASI): Pemerintah Cabut Perda Bernuansa Syariah'],https://turnbackhoax.id/2016/06/16/disinformasi-pemerintah-cabut-perda-bernuansa-syariah/
6,['(HOAX) 51% Saham Taxi Express Sudah Dimiliki oleh Sandiaga Uno'],https://turnbackhoax.id/2016/03/26/hoax-51-saham-taxi-express-sudah-dimiliki-oleh-sandiaga-uno/
7,"['[DISINFORMASI] Jokowi Bantu Laos Bangun Infrastruktur, Ketika Jembatan-Jembatan di Indonesia Masih Meprihatinkan']",https://turnbackhoax.id/2016/02/17/disinformasi-jokowi-bantu-laos-bangun-infrastruktur-ketika-jembatan-jembatan-di-indonesia-masih-meprihatinkan/
8,"['[EDUKASI, HOAX] Bir Berbahasa Arab di Jakarta']",https://turnbackhoax.id/2016/02/16/edukasi-hoax-bir-berbahasa-arab-di-jakarta/
9,"['[KLARIFIKASI] Pembangunan Jembatan Kolelet di Lebak, Banten']",https://turnbackhoax.id/2016/02/09/klarifikasi-pembangunan-jembatan-kolelet-di-lebak-banten/
10,['(EDUKASI) Pentingnya Literasi Media'],https://turnbackhoax.id/2016/01/29/edukasi-pentingnya-literasi-media/
11,['[DISINFORMASI] Surat Undangan Pemancangan Tiang Pertama Proyek Kereta Cepat Jakarta â€“ Bandung Berbahasa Mandarin'],https://turnbackhoax.id/2016/01/22/disinformasi-surat-undangan-pemancangan-tiang-pertama-proyek-kereta-cepat-jakarta-bandung-berbahasa-mandarin/
12,['(FITNAH) Jokowi memperpanjang kontrak Freeport'],https://turnbackhoax.id/2015/12/11/fitnah-jokowi-memperpanjang-kontrak-freeport/
13,['(DISINFORMASI) Dokumentasi Dinding Berlapis Emas Freeport'],https://turnbackhoax.id/2015/12/04/disinformasi-dokumentasi-dinding-berlapis-emas-freeport/
14,['[BERITA] Pidato Mark Zuckerberg di Tsinghua University China'],https://turnbackhoax.id/2015/11/27/berita-pidato-mark-zuckerberg-di-tsinghua-university-china/
15,"['[HOAX] Kepulauan Natuna Dicaplok China, Pemerintah Diam Saja?']",https://turnbackhoax.id/2015/11/19/hoax-kepulauan-natuna-dicaplok-china-pemerintah-diam-saja/
16,['[MISINFORMASI] Indonesia Gagal Wujudkan Swasembada Pangan'],https://turnbackhoax.id/2015/10/22/misinformasi-indonesia-gagal-wujudkan-swasembada-pangan/
17,['[ISU] Pinjaman yang Diberikan China Development Bank Dikhawatirkan Menjadi Pintu Masuk Penguasaan China'],https://turnbackhoax.id/2015/09/29/isu-pinjaman-yang-diberikan-china-development-bank-dikhawatirkan-menjadi-pintu-masuk-penguasaan-china/
18,['[HOAX] Tunjangan Profesi Guru Dihapus'],https://turnbackhoax.id/2015/09/29/hoax-tunjangan-profesi-guru-dihapus/
19,['(HOAX) Larangan anti-miras di Minimarket ditiadakan oleh rezim Jokowi paska Gobel'],https://turnbackhoax.id/2015/09/15/hoax-larangan-anti-miras-di-minimarket-ditiadakan-oleh-rezim-jokowi-paska-gobel/
