Tweet,Source
"Pdhl blm 3 bulan sejak positif tapi disuruh boong biar buru2 vaksin, dasar ibu2 kader rese",Twitter Web App
"Kalau hampa rasa hampa ada hak untuk taknak ambik vaksin

Kami yang berniaga pun ada hak takmau bagi hampa yang tak vaksin masuk dalam kedai kami

Ok?â˜ºï¸",Twitter for iPhone
"Ya intinya mah, kalau dibolehin pergi dengan imun tubuh lemah antara ga peduli atau .... (Isilah titik-titik ini)

Terus lagi. Harusnya lo ga perlu bawa-bawa kalau lo kesel sama emak lo. Pertegas aja kalau lo tuh habis vaksin",Twitter for Android
"Ya kalau emak lo bolehin lo main apalagi lo habis vaksin ya lo harusnya khawatir sih.....

I mean, habis vaksin tuh imun tubuh melemah, terus kamu dibolehin pergi keluar ketemu orang banyak yang bisa aja ternyata mereka otg. How to say this in very softest way ya.... https://t.co/9q7HptuTS6",Twitter for Android
"@luckycasio Kedai dah kembali pada waktu asal. Pukul 10 tutup. Ada keda yg nak full vaksin, ada yang satu dos pun takpe, ada yang tak cek langsung. Etc etc",Twitter for Android
kenapa stayc cuma sebentar dan lagunya gak full? kalau stereotype gada bagian tidur karena abis suntik vaksin?,Twitter for Android
"@luqmanhkm93 @Khairykj Tak yg skrg ni anti vak nk bitter pehal. Dia kan ckp hak kami taknak vaksin. Abis tu, ikut suka kerajaan la hak kerajaan nk allow ke tak. Tak suka, keluar dari malaysia please buat negara sendiri duduk la berpuak antivak sana hahaha",Twitter for iPhone
Nyari vaksin F4 kucing susah banget di jkt ini ya,Twitter for iPhone
Vaksin kedua ngilunya ga ilang-ilang anjir...tpi kok malah teman-temanku katanya lebih kerasa vaksin ke satu? Aku malah yang keduağŸ˜­,Twitter for Android
vaksin pun takleh makan ayam ke hm,Twitter for Android
Vaksin ke 3 rasanya apa?,Twitter for Android
"@cumiasammanisss Sahabat, secara umum penerbangan rute tersebut saat ini masih wajib menunjukkan sertifikat vaksin (minimal vaksinasi dosis pertama) dan hasil negatif tes Swab PCR 2x24 jam sebelum keberangkatan sbg persyaratan perjalanan serta mengisi e-HAC Indonesia. Tks -Sinta",Salesforce - Social Studio
Food court taman dagang tak check wey vaccine. Macam ramai je tak vaksin dekat sini. Alert sikit pls @PDRMsia balai polis kemain besar ipd ampang depan ni,Twitter for iPhone
"@alyuyuuu @dillaaaheree Hi thank you for sharing ur rezeki with us! 

Hopefully iâ€™m the lucky winner to win this giveaway bcs iâ€™m wanna this vaksin blouse. If ada rezeki sy menang , sempat boleh sy pakai this blouse time cucuk vaksin dose ke-2 nanti. Semoga both of u sentiasa dimurahkan rezeki â¤ï¸ https://t.co/KMmwecSeAG",Twitter for iPhone
Geng antivaxx nie patut lupus di muka bumi nie. Hidup pun duk takut ker vaksin. X percaya pada kuasa allah ker. Antivaxx gobloxx https://t.co/1kzGgtgkdo,Twitter for Android
Linu banget tgn abis vaksin,Twitter for iPhone
abis vaksin bukan e pulang malah survei,Twitter for Android
"Tiap kali ada orang yang ngerokok di area vaksinasi, pasti langsung gw ingetin karena pasti dia buka masker dan asepnya nyebar di area vaksin.

Nggak bisa diingetin, gw yang cabut nunda pelayanan vaksinasi, sampe orangnya pergi.",Twitter for Android
"moots yg warga semarang, mall yg deket simpang5 masuknya hrs pake kartu vaksin ga ya?? anak dibawah umur boleh masuk ga??",Twitter for Android
"Plandemi virus bodong lu percaya....

Udah jelas plandemi ini untuk monetisasi beberapa pihak..

-PCR
- Vaksin
- Anggaran pengamanan vaksin
- dll. https://t.co/a2MEArlW5q",Twitter for Android
papa q gatau klo anak nya ini sdh vaksin,Twitter for Android
gue sakit bukan pasca vaksin tapi pasca liat lu perform fever anjingğŸ˜­ğŸ˜­ https://t.co/FEnhZbUafz,Twitter for Android
"@yaaagituuu Gapapa mb hani, vaksin ga balap2an, yg penting skarang sehat2 dulu. Tar kalo udah enakan badannya abis haid baru joss ! ğŸ”¥",Twitter for iPhone
@__Sridiana_3va Pandemi buatan tujuan akhirnya vaksin dan aplikasi memantau pergerakan manusia,Twitter Web App
@Widyandaru_ Selamat malam dan mohon maaf baru terbalaskan Kak. Penumpang dengan kondisi kesehatan khusus atau penyakit komorbid yang menyebabkan pelaku perjalanan tidak dapat menerima vaksin wajib melampirkan surat keterangan dokter dari rumah sakit pemerintah. |1,KAI121v2
"Tak faham bila antivaxx kata vaccinated people penyembah vaksin. Vaksin tu macam ikhtiar nak protect dari virus  sama macam kalau demam, makan panadol. Takde pula antivaxx nak kata orang yang makan panadol, penyembah panadol ğŸ¤” https://t.co/cIxVULhsQa",Twitter for Android
"Allahu..immune bukan sbb virus sentiasa dlm badan ya akhi/ukhti, sbb antibody yg terhasil drp stimulasi vaksin atau previous viral infection. https://t.co/F5QrVoquQU",Twitter for iPhone
"@bertanyarl astra, bulan depan vaksin kedua yeayğŸ˜",Twitter for Android
"bila tengok kes kat singapore makin naik dan diramal capai 10k kes sehari dlm beberapa minggu, dikala lebih 80% populasinya dah vaksin, 98% tiada simptom covid boleh beri pengajaran pd kita ...",Twitter for iPhone
"Pemberian vaksin pada 2021-10-01:
0.72%
Jumlah penerima dos 1:
72.15%
Jumlah penerima dos 2:
62.21%
Baki vaksinasi diperlukan sebelum mencapai imuniti kelompok:
1st: 2,574,280
2nd: 5,831,334
Jangkaan bilangan hari sebelum mencapai imuniti kelompok:
35 (2021-11-07)
#MYVaxBot",MYVaxBot
@tubirfess Harusnya lo bilang aja jujur kalo gak bisa karna gak enak badan habis vaksin. Lagi pula dia tau kan nyokap lo strict parents harusnya sih sebagai temen bisa ngertiin.,Twitter for Android
abis vaksin kedua pokoknya aku bakal langsung nonton sangchi ğŸ˜¡,Twitter for Android
"Kau, kalau diri kau atau family kau perlukan sgt2 darah orang derma, darah yg dah didermakan tu tak kira tau kau ambik vaksin ke tak. https://t.co/Dr4mqd4QJp",Twitter for Android
"@naonaisiasaha @bertanyarl Solusi dr aku, km cari tmpat vaksin yg jenisnya kaya di sertif. Jgn ngomong di awal ada kesalahan di app peduli lindungi. Bilang aja sy blm pernah vaksin samsek, gamungkin sy berani main2 sm vaksin. Kl nakesnya baik pasti ttp di layanin",Twitter for Android
"Youtube memblokir informasi palsu atau salah tentang vaksin Covid-19. Termasuk di dalamnya adalah â€influencerâ€ atau aktivis yang mengampanyekan informasi salah tentang vaksin Covid-19. #Internasional #AdadiKompas @bendkoest

https://t.co/YxZCS3rK37",TweetDeck
@efxdur Eh iya bahhhh... buka sekolah gantung... rentas daerah gantung... aihhhh... amb la bah vaksin bahh aihhhhhhh,Twitter for Android
"@esmokaaa @xixisiw @rcacapc @bertanyarl mjb, nambahin. kalo blm dpt vaksin bisa kok daftar lewat app itu, cmiiw. tapi setauku sih bisa, trus dia buat tracking juga kalo kamu mengunjungi tempat umum ky mall dan tokoÂ² yg ada barcode pedulilindungi",Twitter for Android
"@bertanyarl Astra, abis vaksin pagi malemnya menggigil demam tinggii, badan pegel semuaa ga napsu makan, trusss besok nya mual sm pusing bngt kepala super beratt, malemnya cuma lemes sma demam besoknya langsung segerğŸ˜­ğŸ‘ efeknya cuma 2 malem 1 hari",Twitter for Android
"Asik, gue nemu ship baru, maskerÃ—vaksin ğŸ¤­ğŸ˜ğŸ’•",Twitter for Android
.....mx wh udah pada vaksin belum ya?,Twitter for Android
"@AldoBabeh Tolong dong kalo ada info ato yg bisa jawab
Istri dan ibu saya ga bisa kemana2 gara2 ga punya sertifikat vaksin dan pedulilindungi
Apa ada sertifikat dan aplikasi khusus untuk yg ga bisa vaksin karena kesehatannya?
Dan mereka berdua sudah terkena covid jg sebelumnya
Makasih",Twitter for Android
"@tubirfess Dikit-dikit strict parents, dikit dikit strict parents
Kenapa harus jadiin orang tua tameng dah, kan tinggal bilang gak bisa dateng habis vaksin kurang enak badan, selesai",Twitter for Android
"@e100ss Usul nih buat penjaga barcode dimall mall, kalau di scan error, tolong di cek di sertifikat PL nya (kan bisa tampak tuh udah vaksin atau belum) Kok malah ditolak masuk ğŸ™„ğŸ™„",Twitter for Android
@anakmiugap_ udah vaksin lengkap+swab test 2x malahğŸ˜­ğŸ˜­cuma ya gt gatau knp cuma 2 kelas doang,Twitter for Android
"@bertanyarl belum vaksin, minggu depan baru bisa vaksin soalnya nunggu 3 bulan dulu abis kena copitğŸ˜”",Twitter for Android
"LHA BAYANGKAN UDH 3 JAM ANTRII, TERNYATA NO. NIK KU GA BISA N GJDI VAKSIN",Twitter for Android
Mari kakak sebelum menyaksikan pertandingan kita Vaksin dahulu ee..biar kita semua aman pastinyaaa.. #OpeningCeremonyPON https://t.co/2ncBoNlYB2,Twitter Web App
Vaksin kedua sedikit ngilu ternyata:'),Twitter for Android
"@naonaisiasaha @bertanyarl Persis kaya aku, kl versiku aku udh dtg ke tempat vaksin begitu di data katanya udh vaksin pertama. Aku ngeyel ampe debat tp akhirnya untung jnis vaksin di sertif &amp; tmpat vaksin sama, jd ttp di vaksin tp vaksin ke 2 hrs nunggu 28 hari",Twitter for Android
"@tubirfess Nder, kalo abis vaksin tuh emg wajibnya istirahat aja, nanti kalo km ikut trs udahannya knpÂ² atau efeknya jadi parah ortumu yg bakal repot ngurusin, bukan temen km itu. Dahlah pusingÂ² amat dimusuhin manusia model begitu wkwk btw knp gk jujur aja dah kalo km abis vaksin ğŸ™„",Twitter for Android
@sideofmewgulf Oalahh blom ada vaksin ul?,Twitter for Android
"@khalids So if anyone mati lepas dapat 2nd dose vaccine lepas ni memang akan dikata mati sebab vaksin la ya? Walaupon obese, telan McD hirup Starbucks hari-hari, or walaupon dah 2-3 bulan fully vaccinated? My company ada around  2000 pekerja, more than 80% vaccinated, tak ada mati lagi.",Twitter for iPhone
"Antivaksin ni dulu sibuk cakap pasal hak dorg kan nak vaksin ke tak kan? 
Ha skrg jgn persoal hak yg dah vaksin ni - nk dine in nk travel interstate ke nk holiday ke. Korg duduk je dlm rumah buat reban.

Amboi. Hak org nak, hak sendiri nak, banyak cantik muka hang! Lepuk sat lg https://t.co/p5AomABQ3Q",Twitter for Android
@HaHakim97 @Nadhh11 @asrulsyaffiq @soulzoul One action lead to another action. Tapi memang berjaya vaksin ni. Hospital pun takyah banyak kerja. Misi tercapai Dalam nak memudahkan urusan frontliner.,Twitter for Android
sembang vaksin tu vaksin ni tapi tengok dah berjalan merata. ke diam diam pergi vaksin? eh tanya je ğŸ¤­,Twitter for iPhone
"@AimanPsikologi patutnya mysejahtera ni kena detect kalau2 antivaksin ni merentas negeri, org teruk2 cucuk vaksin dia syok je menikmati keistimewaan. mana adil !",Twitter for iPhone
@nissahiskia @KAI121 Iya min mohon penjelasannya anak bayi masa ga boleh naik kereta? Udah lama ga mudik giliran udah vaksin 2x anaknya ga bisa ikut.,Twitter for iPhone
knp abis vaksin jadi laper mulu yağŸ˜¢ğŸ˜¢ğŸ˜¢,Twitter for Android
"Gimana yah, akun itu tuh sering badut. Lagian saya mikirnya oke indo udah boleh adain konser tapi masalahnya emang mau agensi ngirim mereka konser kesini? Untuk saat ini saya belum setuju sih ada konser di indo, vaksin aja disini masih rendah https://t.co/GyH963IVWP",Twitter for Android
"@FKadrun Kenapa gak bisa  ? Bisa saja diperpanjang... Tapi bisa memicu pertanyaan awam, SESUNGGUHNYA APA ISI KEMASAN YG DISEBUT VAKSIN ITU  ?",Twitter for Android
"@tubirfess ""Gua juga kesel ama ema gua""
Idihh idihh? EMANG KALOK LU SAKIT YANG RAWAT SIAPA? TEMEN LU?
DILARANG GITU DOANG BILANG KESEL AMA EMAK, GATAU DIRI LU NDER
Dan temen modelan kek temen sender gini ga pantes ditemenin, TEMEN LAGI GAENAK BADAN ABIS VAKSIN DIPAKSA IKUT PARTY
NAJIS KABEH",Twitter for Android
Vaksin Tahap 81 Didistribusikan ke 7 Provinsi di Kalimantan dan Sumatera https://t.co/AuFxxGNWl1,dlvr.it
"@mamakucink @yourpetsfess Kucingmu gimana?
Vaksin f3 dan f4 sama?
Soalnya di klinik pas vaksin f3, bulan ini f4nya lagi kosong",Twitter for Android
@__nng__ Masuk bioskop harus udah vaksin ke 2 ga?,Twitter for iPhone
"@SuhartoTony @CNNIndonesia @DKIJakarta Lah bkn malah bagus mas, nnti yg abis vaksin gak usah minum paracitamol lg tinggal nyebur diAncol.",Twitter for Android
pegel ngilu abis di vaksin,Twitter for Android
"@tubirfess Bukan strict parent itu mah allahuakbar. YA WAJAR BGT lu habis vaksin, ga enak badan, ya bener lah gak diijinin. Temen lu jg aneh bgt maksa gitu.",Twitter for Android
"@tubirfess dont bring your parents kyk ""iya gua jga kesel sama emak gua"" pdhl kmu sndiri di capt blgnya abis vaksin gak enak badan. tinggal blg aja ""gua abis vaksin nih lgi gak fit jga terus dri emak jga gak izinin"" thats it.",Twitter for Android
"@__Sridiana_3va Tolong sampaikan pertanyaan saya ke pihak yg bisa menjawab:
- kalo yg tidak vaksin dgn alasan kesehatan, bagaimana kompensasi versi sertifikat dan aplikasi pedulilindungi?
- yg sudah kena covid apa beneran harus vaksin jg?
Kasian ibu n istri ga bisa kmana2 gara2 syarat tsb diatas",Twitter for Android
@laidy_putri Kapan gak sibuk serbuan vaksin?,Twitter for iPhone
"Warga yang menonton pertandingan secara langsung diberikan gelang yang memilikiÂ barcode sebagai tanda bahwa sudah disuntik vaksin, gelang itu harus dipakai selama berada di arena pertandingan.

#MenjadiJuaraTorangBisa
Sukseskan Upacara Pembukaan https://t.co/Eno6co4XQu",Twitter for Android
"@yangbikinkangen Es matcha hehe, karna aku abis vaksin seneng bgt",Twitter for Android
gue udah ngejar bgt vaksin biar bisa jalan omg....,Twitter for iPhone
Antivaxx masih lagi stuck dgn 'hujah' bodoh dptkan vaksin sbab nak pergi berjalan. Org amek vaksin sbb nak jaga kesihatan jadi boleh jalani kehidupan normal. Tapi kau masih lagi benak dari tahun lps.,Twitter for Android
@bertanyarl AKU BELUM VAKSIIINNNğŸ˜­ğŸ˜­ğŸ˜­ MAU VAKSIN DONG,Twitter for Android
@hanifhanif88 Mengerut Sya vaksin dua dos tak masuk juga my sejetra,Twitter for Android
"Setakat ini, pihak NPRA tidak melaporkan sebarang kesan sampingan besar seperti radang otot jantung (myocarditis) dan radang selaput jantung (pericarditis) membabitkan penerima vaksin remaja. https://t.co/TwUmQ8ZczQ",WordPress.com
@sasarasva tapi gua vaksin pertama di tgn kanan deh,Twitter for iPhone
@ellenwek abis vaksin efek samping nya ngantuk mulu,Twitter for Android
"@DefendesyaneDN_ Ini gue jg kalo malem panas kl siang gak, tp lemes parahhhh. Pdhl udh bbrp hari setelah vaksinğŸ˜µâ€ğŸ’«ğŸ˜µâ€ğŸ’«",Twitter for iPhone
Nak tanya ni kenapa takut sangat dengan cecair vaksin? Kami ni bawa virus kah? Kalau nak ikut kan yang tak vaksin la senang nak bawa virus sbb katanya merekasuka ditidurkan? Satu lagi KKM dah bagitahu bagi mereka yang tak vaksin tak dibenarkan merentas negeri &amp; dine in. Danke. https://t.co/FVnxCw3jFz,Twitter for iPhone
"@adekhirr Namun jika baru mendapatkan vaksisn dosis pertama, maka diwajibkan melampirkan hasil negatif PCR dengan masa berlaku 2x24 jam dan menunjukkan sertifikat/kartu vaksin minimal dosis pertama. (2). Terima kasih - Lucas",Twitter Web App
"@adekhirr Halo kak @adekhirr Dapat kami informasikan berdasarkan SE Satgas Covid-19 No 17 Tahun 2021 dan
SE Kemhub Nomor 62 Tahun 2021 untuk rute penerbangan HLP-SUB dapat melampirkan hasil negatif antigen yang berlaku 1x24 jam dan menunjukkan sertifikat/kartu vaksin dosis kedua. (1).",Twitter Web App
"@gaadaperubahan @AREAJULID Aku punya asam lambung mengarah ke gerd udah vaksin pake AZ. Udah konsul sama dokter ku juga. Alhamdulillah gapapa cuma demam dan sakit kepala aja sehari, tapi reaksi tiap badan kan beda beda yaa",Twitter for Android
@BiLLRaY2019 jagn khawatir guys buat nonton #OpeningCeremonyPON karena dgnnn vaksin dan prokes kitaaa aman .,Twitter Web App
@aridhoaa @__Sridiana_3va Yakin? Org yg vaksin bukannya sdh msk daftar penyelenggara?,Twitter for Android
"Kapolsek Banjarsari KOMPOL DJOKO SATRIYO UTOMO, SH bersama dengan tim Urkes Polresta membantu masyarakat yang kurang sehat saat akan di vaksin dengan memberikan motivasi dan penenangan diri https://t.co/btrGqKBKV3",Twitter for iPhone
@convomfs tadi aku abis vaksin pertamaa,Twitter Web App
Senang rupanya nak detect anti vaksin ni ğŸ˜ https://t.co/8M7vxeXgY0,Twitter for Android
"@_baeluna @soulzoul Ya antivaxxers memang keji. Makan sambal ada kaki lipas, warung tepi longkang, makanan dihinggap lalat berulat, isap rokok berkotak sehari all ok. Tapi bab vaksin sebok persoal kandungan bagai. Their body &amp; brain are filled with shit already, stop attention seeking. Suci banget",Twitter for Android
"@bertanyarl Astrazeneca, vaksin keduanya ntr bulan 11, tp efeknya di aku gk kenapa2 cuma agak demam tp krna abis suntik vaksin minum Paracetamol, jd efeknya gk parah cuma ngantuk aja, btw sblm vaksin usahain jaga kesehatan sama minum vitamin.",Twitter for Android
@DefendesyaneDN_ Wkwwkwkwk efeknya mayan ya vann. Gue jg rada takut2 abis vaksin modernağŸ™‚,Twitter for iPhone
"@xixisiw @rcacapc @bertanyarl kan sebelum vaksin haru daftar dulu (nama, nik, no telefon), kalau kamu ga daftar ga terdata sebagai wni yang udah vaksin + ga dalet sertifikat vaksin",Twitter for Android
"@tubirfess Yee gimana sihh kan lu lg vaksin + ga enak badan, wajar dong emak lu ga ngebolehin. Trs strict dri mananya? Itu salah satu bentuk kepedulian. Malah ngatain emak lu ribed, gws deh lu berdua.",Twitter for Android
"Ok!! Ko tunggu aku report memana kedai yg Tak ikut SOP!!! Yg anti Vaksin, kita makan secara FaceTime jerlah!! Okbye https://t.co/GddNL5AGSC",Twitter for iPhone
"@byHaruHaru_ seru seruu banget sampe lupa kalo tangan masih sakit bekas vaksin tapi seru banget bisa joget nyanyi bareng meskipun via online, keren banget perfomance mereka hari ini top parahhhhh gamau udahan rasanya terus pengen nonton lagiiiiii tapi offline konser",Twitter for Android
@chuubeyi @mibabim wkwkw jgn sertif vaksin coba aja pake sertifikat tanah bim,Twitter for iPhone
Vaksin yg kedua ini kok bikin lemes :(,Twitter for Android
@ameliaaristiaw Iyaak 3 bulan nyoo. Gue aja belom vaksin kedua nya wkwk,Twitter for iPhone
@jjaeminleo @bertanyarl kak jangan percaya ya aku cuma bercanda vaksin rabies buat kucing kak ğŸ˜­ğŸ˜­ aku sebenernya vaksin sincostan ğŸ˜­ğŸ˜­,Twitter for Android
"@convomf Pantesan ga lolos kemaren, ternyata blm ada sertif vaksin",Twitter for Android
"@ikarbertweet Semoga cepat sembuh Ikar, jangan stress stress. Semoga semua urusan dipermudahkan. Insyallah vaksin membantu.",Twitter for iPhone
"UNTUK MAKLUMAN

Aktiviti dine-in dibenarkan untuk pelanggan yang telah lengkap vaksin di lokasi R&amp;R PLUS terpilih sahaja seperti di dalam visual

#KitaJagaKita #SatuPembelianSeribuHarapan
#OrderDiSini https://t.co/dVaYDOXIaC",Twitter Web App
Pusing bgt abis vaksinğŸ˜­,Twitter for Android
"#BaganSerai Laporan polis dan tindakan perundangan akan diambil terhadap individu dan pihak yang menyebarkan maklumat tidak benar. - Dr Noor Azmi #sinarharian #Covid19

https://t.co/Ix1EqtZVJm",Twitter Web App
"Yang benci kj tu puak rakyat antivac kau je. Yang dah vaksin tak tergolong dalam tu. Baru tak boleh dine in dah mengelupur, belum lg rentas negeri,luar negara ke ğŸ¤£ https://t.co/X2cnylb5YT",Twitter for Android
wkwkk lumayan vaksin gratis https://t.co/YbeW3kv8ZX https://t.co/c0OGhm3HkO,Twitter for Android
"@rassparas @AREAJULID haii.. ak punya asma.. vaksin pake sinovac.. ngga ada efek samping alhamdulillah.. pokoknya klo mau vaksin seenggaknya seminggu g mnum obat asma lbh dri 2x, itu ak baca di artikel..",Twitter for Android
"@Mamah_Hajar Kalo kek gini dicari2 alasan penyakit bawaan nya mmmm
Nanti mati belum vaksin, dibilang gara2 belum vaksin",Twitter for Android
UMSFess- guys ini berarti yang udah vaksin 2x juga harus tetep swab?? https://t.co/brdqVoXh8v,UMSfess
"@Putri14497859 Dan menunjukkan sertifikat/kartu vaksin minimal dosis pertama/kedua, serta mengisi formulir EHAC melalui aplikasi Peduli Lindungi. (2). Terima kasih - Lucas",Twitter Web App
"Kebenaran terbaru...boleh temankan...kurang sikit risau kan...

Ibu-Bapa,Penjaga Dibenarkan Teman Remaja Semasa Vaksin - https://t.co/JOt3rMfET7",Twitter Web App
"@bertanyarl Moderna deh, baru tadi vaksin pertama, nanti tanggal 30 vaksin kedua",Twitter for Android
"@jogmfs gatau nder, tp aku abis vaksin kedua haidku jd maju tanggalnya",Twitter for Android
"pengunjung juga diminta menunjukkan bukti vaksin, jika belum melakukan vaksin, maka pengunjung harus melakukan tes antigen yang telah disediakan di depan pintu masuk area festival
#OpeningCeremonyPON https://t.co/eIslOGlqya",Twitter for Android
BESOK AKU VAKSIN!;@/&amp;Â¥\*,Twitter for iPhone
"@CtMRomli Kalau doktor kata suruh ambil vaksin untuk bagi immunekan badan pun kau tolak sebab kau tak percaya dekat doktor, lepasni kalau sakit ke, nak beranak ke, tolong jangan cari doktor. Boleh?",Twitter for iPhone
"Serbuan Vaksin 3 Pilar Polres Klaten, tuntaskan vaksin secepat mungkin untuk tanggulangi pandemi ğŸ‡®ğŸ‡©

â€¢semoga pandemi segera berakhirâ€¢
#PolresKlaten
#PoldaJateng
#Divhumas
#polresklatenpeduli 
#klaten
https://t.co/VwIs84jMFV",Twitter for Android
"@ssagittarjvs @rcacapc @jokitulismurce @bertanyarl Mjb kak, selain yg kakak sender di atas sebutin, di aku malah agak demam di hari ke 2 pasca vaksin, kapala berat bgt pengennya tiduran terus, agak sesak napas",Twitter for Android
"Tahniah Overstepped Cafe Taman Sejati sebab check vaksin dulu. Food and beverages maintain sedap, mco ka tak mco sama ja. Selamanya saya sokong anda!",Twitter for Android
Klo mau vaksin ke dua ditempat lain gpp? Soalnya skrng lg PKL di Cianjur trs gue vaksin di bdg,Twitter for Android
"@bertanyarl lo pada jangan takut/males di vaksin, waktu itu gua ketemu suami istri (maaf ya) dua-dua nya buta semangat banget mau vaksin bahkan datengnya aja pagian mereka dibanding gua",Twitter for Android
@__Sridiana_3va Mau vaksin harus swab antigen ditanya untuk apa krn ditarget ğŸ¤£,Twitter for Android
"btw! jadi kemaren temen gua ngundang gua ke bday partynya, cuma karna gua abis vaksin trs ga enak badan jadi gua gamau ikut, tapi dia maksa dan akhirnya gua izin ke nyokap dan ga boleh, padahal dia tau nyokap gua strict parah, lg sehat walafiat aja suka ngga boleh apalagi (cont) https://t.co/94WH3yQwaB",Punya Tubi
"@bertanyarl tidak terdeteksi alias belum vaksin njir:""",Twitter Web App
"Vaksinnya ditempat wisata jadi abis vaksin bisa gratis masuk juga, lumayan cuci mata ga sih ini di bdg ğŸ¤© https://t.co/aQvSs2DTzN https://t.co/xgBNn0o4ig",Twitter for iPhone
"@yarfiyar @bertanyarl Ayooo vaksiin, coba liat-liat di sekitar tempat tinggal kamu yang lagi selenggarakan vaksin, agak jauh dikit dari rumaah gapapa lha sekalian jalan-jalan wkwk",Twitter for Android
bbrp hari lg mo vaksin kedua soale https://t.co/A9HdbbP5hy https://t.co/gz4cbqb3f2,Twitter for iPhone
"@StopPlandemit Kalau saya, di hari ke 20 setelah vaksin, muncul gerd dan jantung berdebar. Padahal sebelumnya gak ada riwayat gerd. Semoga gak sampai begitu ya..",Twitter Web App
@KediriFess mau tapi belum vaksin ğŸ˜­ğŸ˜­,Twitter for iPhone
Abis vaksin dan aku lapar ğŸ˜Œ https://t.co/ODNczWj6W9,Twitter for iPhone
"Tunjukkan Sertifikat Vaksin, 47 Warga Tiba di Dermaga Kedatangan Pulau UntungÂ Jawa https://t.co/0Hhvs3BmxZ",WordPress.com
"Wkwkk gue jadi inget temen gue nanya ""eh lu punya banyak sertif2 gitu ga buat di cv"" gue jawab aja ""gue adanya sertifikat vaksin bisa ngga"" ğŸ˜­ğŸ˜­ğŸ˜­ https://t.co/bIKgTh1ePZ",Twitter for iPhone
"@niaamaisarah Ohh, tak2, sebelum ni mmg ada baca probabilty dijangkiti makin rendah bila vaksin. Mungkin boleh try google, rasanya banyak article.",Twitter for iPhone
@firdauzero @sirkulangka17 @nuruljuhari @soulzoul @adibkhld Aku kan hari yang sama pagi tu vaksin untuk typhoid petang tu vaksin covid Alhamdulillah jadi manusia lagi harini. Boleh makan nasi + lauk pauk + sayur sayuran. Takda mintak otak otakk takda lagi.,Twitter for Android
"@CumaDokter Ini dokter kardus ?? Kopat kopet Mulu. Kalau yg mati setelah vaksin apa namanya ?? 
Vaksin kok maksa. Yg mau aja. Yg ga mau ya biarkan saja. 
Semuanya juga yg nanggung badan sendiri !!",Twitter for Android
"CARA Download Sertifikat Vaksin Covid-19 dan Cek Status di PeduliLindungi, Isi Nama Lengkap dan NIK https://t.co/1qKkaNR4DX via @tribunnews",Twitter Web App
4/10 aku ambik vaksin ğŸ’”ğŸ’”ğŸ’”,Twitter for Android
"@rassparas @AREAJULID Kalo punya asma diusahakan vaksinnya ketika kamu udh gak kambuh selama sebulan, karena standarnya seperti itu, kalo masih kambuh dan emg butuh vaksin coba dikonsultasikan ke dokter masing2",Twitter for Android
"@AREAJULID Iya.. ternyata tdk semengerikan itu.. aku takut bgt vaksin (Krn suntiknya), tpii ternyata pas vaksin kemaren sma sekali gk sakit! Pdhl udh degdegan bgt Smpe keringet dingin dan tensi jd 140. ğŸ¤£
Cuma efeknya ya gitu... Tangan sakit bgt, badan pegel2 trs demam hampir semingguan ğŸ¥º",Twitter for Android
Kenapa status vaksin aku tak fully vaccinated lg. Dah 14 hari kot ğŸ¤¨ aku nak book wayang niiiiii,Twitter for iPhone
ndak bisa bantu ngocokin dulu tangannya habis di vaksin :),Twitter for Android
"@deadmandenied @CtMRomli â€œSelepas dirawat selama 12 hari di hospital itu, keadaan dirinya juga belum baik. Menurut doktor, kegagalan vaksin itu menyebabkan keadaannya lebih lemah,â€ kata keluarganya.

dkt malaysia, xde kes mcmni. sbb darah melayu kan.",Twitter for Android
"@lovelice_0521 Hahahah kad vaksin pun jadi ğŸ¤£ğŸ¤£
ğŸ˜­ğŸ˜­ huwaa sushiiii tadi nk makan sushi tapi cancel sbb dah lewat ğŸ¥² so nk gi esok huhu ğŸ˜Œ",Twitter for Android
DPD NasDem Banyumas menyediakan 1.000 dosis vaksin yang diperuntukkan bagi masyarakat di Banyumas. Vaksinasi yang berlangsung di GOR Satria Purwokerto pada Sabtu (2/10) hari ini disambut antusias oleh masyarakat. https://t.co/t4HanhaFjQ,Twitter for Android
XXI harus vaksin 2 kali ga sii ? apa sekali doang bisaa?,Twitter for Android
Hehhe just saw in whatsapp groupâ€¦ anak demam lepas vaksin lepas tu cakap menyesal bagi vaksin ğŸ™ƒ https://t.co/4TxqVXg1oj,Twitter for iPhone
"@cutejmiin Masih sakit efek vaksin, ini udh h+4 dosis 1. Udh mau sembuh, eh ini badanku didalem tuh kaya sakit gitu susah digerakin",Twitter for Android
"@AREAJULID aku, kaka ku udah vaksin dosis kedua sejak bulan juni, dan masih hidup ampe skrng alias sehat sehat aja, trs ygl 12 sept kmrn mama sama kaka ku yg satunya jg abis vaksin dosis pertama, mama ku umurnya udah 55 tahun, dan ya ampe skrng baik baik aja ayo vaksin guys pokonya",Twitter for Android
"Dunia : Malaysia, Argentina beri kelulusan vaksin COVID-19 China untuk kegunaan remajaÃ‚Â 
read more: https://t.co/WOw8MGbxd1
#PerpaduanNegara
#MalaysiaSejahtera https://t.co/iXnY64zzo6",IFTTT
@ordeenarygurll @AREAJULID nenek gue darah tinggi umurnya udah 50+ alhamdulilah after vaksin gapapa ko nder. dia pake vaksin sinovac,Twitter for Android
Restoran tak tengok pun status vaksin mysejahtera kita sekarang. Semua orang boleh dine in lepas scan. https://t.co/WmRDjmQzqN https://t.co/klUx1t63Jg,Twitter for Android
@ ltmpt please bolehin input sertif vaksin buat tambahan nilaiğŸ˜˜,Twitter for Android
"Menurutnya, tindakan tegas seperti menarik atau membatalkan lesen sekiranya kesalahan berganda berlaku perlu dikenakan oleh penguat kuasa. https://t.co/2Nm5d3a1Yl",dlvr.it
kalo pilek boleh vaksin ga si?,Twitter for Android
"Tanpa embel embel bawa fc Vaksin atau siapin foto kartu vaksin, di NIK langsung tertera bahwa sudah vaksin, ngueriiiii
.
.
Yokk untuk KTP bisa ketularan nih",Twitter Web App
W jadi ngeri ni tar vaksin kedua gmnâ€¦ mana jedanya cm 21 hariğŸ™‚ğŸ™‚,Twitter for iPhone
"@icazra @AREAJULID Intinya kalo kamu jujur pas ditanya2in waktu sebelum vaksin, ya kamu gak akan kenapa2 setelah vaksin. Case clear",Twitter for Android
Gw otw vaksin 3x ini ğŸ˜‚,Twitter for Android
Kapolsek Rajeg Tinjau Pelaksanaan Vaksin Merdeka di SDN 3Â Sukamanah https://t.co/wRWzQ8JyuZ,WordPress.com
"@loeyizt Eh, abis bobokk gw, wkwkw 
Iyaap, juli lalu gw pos, dah lama koo, abis vaksin 1 jeda berapa hari malah pos, kocak ğŸ˜‚",Twitter for Android
Baru pinjem pinjeman bulan lalu pas vaksin https://t.co/5undC7UVme,Twitter for Android
Rasa macam nak share benda ni dekat whatsapp story sebab contact rapat ada yang antivax. Memanjang share pasal benda buruk je pasal vaksin. Tapi tu la aku malas pulak nak screenshot ğŸ˜… https://t.co/5EC36kkVdt,Twitter for iPhone
@stelllaire Boleh kuning juga (1x vaksin) aku juga kemarin bisa,Twitter for Android
Ditunggu bacot para artis dungu &amp; selebgram yg ngomong yuk vaksin biar pandemi ini cepat selesai ğŸ˜ğŸ˜ @cari_realita https://t.co/H0cVETZfIG,Twitter Web App
yo gue selesai vaksin,Twitter for Android
"@NiaSOS Halo kak @NiaSOS Kami informasikan syarat untuk WNI ke Indonesia agar vaksin dari luar negeri dapat terintegrasi dengan aplikasi PeduliLindungi silakan akses https://t.co/fP0L0wKYEO , jika berkendala silakan menghubungi vni@dto.kemkes.go.id. (1).",Twitter Web App
"Update perkembangan kasus covid-19 Kota Tanjungpinang, Kepulauan Riau, Sabtu (2/10/2021)

Meski kasus covid-19 sudah melandai, tetap jalankan prokes yah. Buat #sobat yang belum vaksin segera vaksin ya.. 

#AyoPakaiMasker
#AyoSegeraVaksin https://t.co/MO0wYa6Q3Y",Twitter for Android
"Rasah kakean cangkem, asline aku ki ultraman, tapi bar vaksin sinovac dadi kekuatanku ilang.",Twitter for Android
Gak usah lagi vaksin diwajibin segera hidup normal #batalkankartuvaksin https://t.co/mmE4SQXYfA,Twitter for iPhone
@convomf info vaksinğŸ‘ğŸ¼ https://t.co/Ywf3SbAVbE,Twitter for iPhone
"@SupKana_ Oiyaa, sd blom boleh vaksin yaa? Tpi beberapa sd ada yg udah tatap muka deh ka",Twitter for Android
"@BuKasunNdeso @Inggar10892898 @LtdAkbar @__Sridiana_3va @AldoBabeh @TedHilbert @dr_koko28 @ProfesorZubairi @drpriono1 @berlianidris @dee_blackangel @pakne_sarah KATANYA VAKSIN
FAKTANYA FUCKSIN 
MAKA
WAJAR
MANFA'AT ZONKKK 
MUDHARAT MENJADI-JADI",Twitter for Android
"@gembrit Aku baru vaksin 1 kak.
Di aku cuman panas dan sakit kepala aja yang berasa dari jam 2 pagi sampe jam 6 pagi. Bekas suntikan pegel dan agak bengkak.",Twitter for iPhone
"@rassparas @AREAJULID Aku ada asma yg kambuhan kl lg ngrasa kesakitan bgt, tp alhamdulillah bisa vaksin astra smp d2",Twitter for Android
@rmol_id Vaksin?.... ayam sayur jg divaksin....ğŸ¤£ğŸ¤£ğŸ¤£,Twitter for Android
@RieGucciano Ini kelemahan orang abis di vaksin. Kesel jadinya darah nggak bisa dipake lagi pas ada yang butuh. ğŸ™,Twitter for Android
"@Fatoni0Rachman Vaksin sepertinya cuma buat mengatakan   bahwa dana utang utk vaksin sudah terpakai.
Bukan untuk Penangkal virus. https://t.co/QMQIDHIsEV",Twitter for Android
"Uhmm ... nanya ya, misal kita lupa ga nanya merk vaksin apa pasca vaksinasi, kita tahunya diinject vaksin merk apa itu dari mana ya? ğŸ™",Twitter for Android
"Pasca vaksin pertama : tangan pegel, badan agak lemes, ngantukan, pusing ga ilangÂ². Fix klo ga ilang juga pusingnya mending minum obat, ya.",Twitter for Android
"@bertanyarl astra, asliiii sakit bgt hbs vaksin lgsg drop seminggu",Twitter for Android
@rcacapc @n0vembry @bertanyarl Ini kamu abis vaksin langsung kerja/gimana?,Twitter for Android
"""Sesuai arahan Pak Wali Kota mungkin program vaksin, kita ingin mengadakan vaksin massal,"" kata Andi Dhirgam Charnova, Ketua HIPMI Kota Pontianak. #publisherstory https://t.co/4XDrHGcuVL",dlvr.it
"@reveluv_zen @shukrichemamat @CtMRomli @AimanPsikologi so andaikata klu ko dah vaksin dan ko sebar virus n sebabkan kematian, kira ko ni terlepas dari kesalahan ke? kira rasa bersalah tu xde ? aku pon vaksin jgk. cuma aku xstuju org pertikai yang xnk vaksin. biar la diorng. yg mati keluarga diorng. kita dah vaksin nk bising apa.",Twitter for Android
"Kalo vaksin
- warga kota diiming-imingi bisa jalan2 ke mall, berpergian keluar kota
- warga desa diiming-imingi bantuan sembako

Beres",Twitter for Android
"@bertanyarl gw dapet vaksin ke 2 S.Yvac. pdhl gw baru abis vaksin ke 1 belom ada sebulan. pas gw tanya ni vaksin apaan, katanya ini vaksin simpanse, anjr

syukur cuma mimpi disiang bolong. kaget",Twitter for Android
"Opismate aku kata dia pergi balai polis minta nak rentas negeri sebab dah lama tak jumpa parents.

Polis tu cuma minta bukti dia dan parents dia dah lengkap vaksin. Selesai.

Aku rasa macam sekarang dah tak strict sangat dah dan pihak berkuasa dah makin reasonable.",Twitter for iPhone
"Kapolsek Prambon Iptu Riduwan S.H Hadir di Pelaksanaan Vaksin di Desa Rowoharjo
-
https://t.co/Fq08LcdANI https://t.co/W8zGMFCgVP",Twitter for Android
"@mynewshub @En_Blue_Bird Aaikkk dia guna jarum lain pulak?ğŸ¤”
Mana boleh ada jarum bersepah bnyk2 atas meja mcm tu....
Jarum yg mula2 dia isi cecair vaksin dibiarkn ja atas meja....silap2 cucuk angin ja ni...bahaya
@kkmm_gov boleh bg penjelasan",Twitter for Android
cah ke bioskop cuman vaksin 1 tok boleh gak?,Harmoni Kediri Lagi
Demam vaksin kedua knp malah lebih parah,Twitter for Android
Please push jabatan laut and shipping companies utk bagi vaksin dkt pelaut malaysia yg still onboard. Sedih rasa jadi last 15% yg unvaccinated. https://t.co/kKU2bHidCc,Twitter for iPhone
@ilvcbeom aku habis vaksin juga waktu itu ngga mandiğŸ˜­,Twitter for Android
"Last delivery hari ni. Customer tegar marah naper lama tak niagaaaaaaaaa. ğŸ˜Œ Maap Makcik, vaksin baru matang, baru berani niaga balik. https://t.co/x3grZ0DhbE",Twitter for Android
"@irfandaw_17 @bertanyarl Nanti gua coba lagi senin dah,
Kalo ga vaksin kedepannya bakal ribet ga sih? Kek ruang gerak atau gimana gimananya. Soalnya gua scan barcode kemana mana bisa kuning jd kek gaperlu vaksin wkwk",Twitter for Android
pening do lepas vaksin HAHAHAH,Twitter for Android
@null 453.960 Dosis Vaksin Pfizer Didistribusikan ke 7 Provinsi di Kalimantan dan Suma  https://t.co/ZuycxcZ6n0,twittbot.net
@null 453.960 Dosis Vaksin Pfizer Didistribusikan ke 7 Provinsi di Kalimantan dan Suma  https://t.co/O1DMACYyOr,twittbot.net
"KRATON - Anggota Polsek kraton melaksanakan pemantauan dan pendampingan giat vaksin di puskesmas kecamatan kraton Yogyakarta 2/9/2021
Humaspolsekkraton75 https://t.co/PUtvhEYDua",Twitter for Android
@bertanyarl tim belum vaksin,Twitter for Android
"@SupKana_ Jabar kak, disini udah boleh asal vaksin",Twitter for Android
"@bertanyarl Belum vaksin nih, gimana dong?",Twitter for Android
Sertifikat vaksin iso dijaminke bank gak tho Lur?,Twitter for Android
side effect vaksin ke siot aku beremosi sgt ni ah nyampah,Twitter for iPhone
@sihaessi abis vaksin gitu gasihğŸ˜­,Twitter for iPhone
@LlamaBetina Aku sudah punya sertifikat vaksin teh,Twitter for Android
@bertanyarl sinovac buat vaksin 1 &amp; 2ğŸ‘ğŸ»,Twitter for Android
@thefaizzainal Lepas tu kalau dia lepas masuk surau dgn sijil vaksin palsu tu macamana ya?,Twitter for iPhone
"Tdi vaksin, Terusss
Aku lihat jarumnya
Kek enak masuk di badan â˜ºï¸ https://t.co/OWNDyvoTmj",Twitter for iPhone
"@oemjioemji Dalam survey Jakarta itu adalah terutama antibodi dari infeksi alami Pak. 

Tidak pernah ada yang secara ilmiah menyatakan bahwa vaksin akan 100% efektif. Tidak pernah ada. Vaksin apapun. Apalagi vaksin covid yang baru saja mulai dikembangkan. 

Mangga.",Twitter Web App
@ykhioooo @bertanyarl gegara bingung ko nunggu 2bulan buat vaksin kedua yauda download peduli lindungi buat liat sertifikatnya eh dapet astra,Twitter for Android
@habibkitten @soulzoul Sblm vaksin ada pun beribu2 org pulih setiap hari dan ada yg pulih tanpa apa2 simpton...bila yg baik vaksin kobid yg dpt nama...bila meninggal slps vaksinasi penyakit lain yg dapat nama...suci berterusan vaksin kobid,Twitter for Android
@bertanyarl Belum vaksin,Twitter for Android
wkwkwk lucu ya giliran nanyain vaksin booster cepet banget ketauan banget nyari kalo ada mau nya doang,Twitter for iPhone
Mager mandi mana pegel banget lagi abis vaksin,Twitter for Android
"@yaaagituuu Banyak penghambatnya yaa ğŸ˜‚
Vaksin ke-berapa mb hani ?",Twitter for iPhone
"@permen_yuppii @yourpetsfess Waktu aku betina Agustus kemarin 600k kak. Udah vaksin, tp vaksinnya di drh. Nur plumbon :')",Twitter for Android
"@beningEmbunn @MerryRiana @desi_niawati @IbuAZURA @DhelSyashie14 @theoputra_ Lagian itu Ibunya aja yg aneh, udah tau syarat masuk Mall kudu scan barcode via aplikasi, ini malah marah-marah ke Pak satpam pake nunjuk sertifikat vaksin. Emosi deh liatnya ğŸ˜¤

#Eeh",Twitter for Android
"@mbiyaa3 @bertanyarl mjb, emang vaksin pertama sama kedua boleh beda ya?",Twitter Web App
"Polres Merangin, Ajak Pokdar Merangin dan Dinas Kesehatan Berkerjasama, Untuk PercepatanÂ Vaksin https://t.co/V6Hr0DH0qZ",WordPress.com
"@__Sridiana_3va Padahal emang untuk mengetahui kita udah vaksin atau belum kan dari NIK..cukup KTP juga kan bisa..

Ya biasa lah bagi2 proyek...",Twitter for Android
"Makassar, https://t.co/wKgHpxyppM - Personel Kemananan Penerbangan (Aviation Security/Avsec) Bandar Udara Sultan Hasanuddin Makassar, berhasil menangkap dua orang pelaku calo pemalsuan dokumen kesehatan (RT-PCR, Antigen dan Sertifikat Vaksin) di Bandar

https://t.co/f34mBiUCOl https://t.co/sGTUgtAtJe",Blog2Social APP
"@jmetiologie BIASA AJA JUGAAA, abis vaksin rasanya ngantuk muluu â˜¹ï¸",Twitter for iPhone
"@RieGucciano Gw mestinya bisa, Tapi udah kena vaksin full. Dua hari lalu baru vaksin ke dua",Twitter for Android
@EunoiaNugraha Mari kakak sbelum menyaksikan pertandingan kita Vaksin dulu ee..biar kitong semua aman pastinya.. #OpeningCeremonyPON,Twitter Web App
"@__Sridiana_3va Gak faham dok, vaksin juga belum ğŸ˜”",Twitter for Android
"Nek nganti wong-wong seng nyerang aku nang Twitter kae vaksin covid, aku bakal ngomong ncen asu kok Indonesia, wong seng nang sosmed ga gelem vaksin nang dunyo nyata gelem.",Twitter for Android
gasiap mo vaksin takut jarumnyağŸ˜­,Twitter for Android
@soulzoul Dan ramai yg mati slps ambik vaksin atau complete vaksin...vaksin kobid yg x effective,Twitter for Android
"@bertanyarl Sinovac, besok tgl 7 vaksin kedua hihi",Twitter for Android
"Ngakunya ke bocils mau vaksin. Ternyata nntn jemesbon.
Si bocah nanya: mmg ada vaksin ke tiga ? . Ada dong .. ğŸ˜† https://t.co/JF3VbiJmc8",Twitter for Android
Sido dolan ora iki?mumpung aku wes gajian+wes oleh sertifikat vaksin.,Twitter for Android
ini tgn beneran sakit bgt abis vaksin ğŸ˜­,Twitter for Android
Tinggal Lagi 4 Peratus Sebelum Kebenaran Rentas Negeri Diberikan | https://t.co/twqDncrUWg #4peratuslagi #KhairyJamaluddin #rtentasnegeri #vaksin,ohmedia website
"@bertanyarl Eh btw ada solusi ga?
NIK gua kedaftar vaksin atas nama orang lain, pdhal gua belum vaksin samsek. Giliran gua mau vaksin gabisa, udh 3x ke tempat vaksin.
Udh email pedulilindungi suruh telp ke 119 giliran telpon ga kesambun2g terus udh nyoba berkali kali tlp gabisa. Help",Twitter for Android
"@jogmfs Engga, aku 2 kali vaksin haid jg lancar2 aja",Twitter for Android
"Astaghfirullah hal'adziimğŸ™ˆ

*makin males buat vaksin https://t.co/l1hWUi6lTU",Twitter for Android
"gagal vaksin karena gak dapat antrian âŒ
gagal vaksin karena takut disuntik âœ…",Twitter for Android
"Vaksin ni sebagai ikhtiar kita menjaga kesihatan dan nyawa pada masa sama kita boleh lindungi orang lain dari mendapat penyakit dari kita. Kalau faham konsep tu je dah ckup. Tuhan kata kun faya kun, tak ada siapa boleh halang. Beriman pada Allah swt hanya Dia yang layak disembah",Twitter for iPhone
"@badwolf227 @miawcattycat Klo udah dpt sertifikat vaksin 1, masuk mall pk app pedulilindungi y nis.",Twitter for Android
"Tak tahu pula boleh bertukar jadi sotong, darah jadi hitam and beracun i kennot lah with anti vaksin ni ğŸ˜­ https://t.co/dNX0z2SjCp",Twitter for Android
"@halugirlsss @bertanyarl Mjb, bukan nya kalo dosis pertama sama kedua itu harus sama ya vaksin nya",Twitter for iPhone
"@fschiko_ wawawa akhirnya dapet jatah vaksin juga? X'D sehat sehat, chik!",Twitter Web App
"@Aznlova @pfizermectin @Titiektitiek2 ""Inexpensive"". Jadi, yang kita butuhkan bukan vaksin tapi obat yang murah, aman, dan manjur. Nantinya wuhan flu ini akan seperti common flu. Pada akhirnya benar apa kata pak joe kowie ""hidup berdampingan dengan covid""",Twitter for Android
"@bertanyarl Sinovac, vaksin di sekolah.",Twitter for Android
@n0vembry @bertanyarl selesai vaksin hampir pingsan gitu lemes penglihatan hitam terus malemnya demam,Twitter for Android
@doubletrb @yourpetsfess steril brp kak? trs udh di vaksin jg?,Twitter Web App
"akhir2 ini sering lihat twit-an ttg obgyn, vaksin hpv, jadi pengen periksaa juga",Twitter for Android
squid game ni patut buat kat antivaksin. kumpul semua dalam 1 tempat buat permainan yang hanya ada satu pemenang tapi game yang di main versi malaysia dan pemenang akan dapat kad antivaksin yang diiktiraf sirim boleh pergi mana-mana tanpa vaksin.,Twitter for iPhone
@rcacapc @bertanyarl Ak waktu ngisi form vaksin nya AZ eh pas ke lokasi dapetnya coronavac,Twitter for Android
ya allah pengen di vaksin tapi ga ada temen maluuuu aku,Twitter for Android
"@sil7070 entahlah, saya tak suka doa keburukan kat orang. harap harap dia dapat lerrrr hidayah yg vaksin ni bagus nohhh",Twitter for Android
Alhamdulillah. Anak buah sume dah vaksin. Ikhtiar. Semoga Allah jauhkan dari sebarang penyakit dan kecelakaan.,Twitter for Android
Gacoan antrinya serem. Kek antri vaksin masal ğŸ‘€,Twitter for Android
Staf cocok syringe kosong kene terminate.polis pp cikgu3 tak vaksin kena tukar negeri jewwww https://t.co/zzNNKrh9ia,Twitter for iPhone
@greencanyonmoon Ape korelasinya abis vaksin sama mandi? Tolong penggelapannya ğŸ™,Twitter for iPhone
"@cailaahhh @bertanyarl gatauğŸ˜­ waktu ngantri ngambil formulir kan ada yang nanya ""pa vaksin apa?"" terus katanya ""sinovac"" gataunya astra",Twitter for Android
Perlu adanya vaksin untuk unggas. Mengingat bahwa flu burung itu ada. https://t.co/9iL1sv89NU,Twitter for Android
"nunggu 2 jam buat vaksin pas di panggil, no nik nya ga valid jd tida jadi vaksin
PAIN BROU https://t.co/rijAtWQDnb",Twitter for Android
@koalandari kmrn gw gjd vaksin ke2 rat krn badan gw gaenak,Twitter for iPhone
"@unorthodoxxing @mrshananto Setuju, jam kerja yg dibahas.. Lalu yg bandingkan dengan jenis pekerjaan siapa? Yg bandingkan jam kerja ojol dan senior manager siapa? Over vaksin mas? ğŸ¤­ğŸ¤­",Twitter for Android
"3 (Tiga) Lokasi Menjadi Target Vaksin Kodim 0732/Sleman di Hari Libur
https://t.co/0qdJWERvAJ https://t.co/ieX3u7K4mb",Twitter for Android
Ayo Vaksin https://t.co/JRbKkYuomW,Twitter for Android
"@tonangardyanto Jgnkan 50%, yg sdh 90% atau bahkan 100% kaya SG dan Israel, kasus jg bisa melonjak tinggi kok. Kan ini yg jadi salah satu pertanyaan. Klaim vaksin adalah herd immunity tapi 100% vaksinasi kasus melonjak tetap terjadi.",Twitter for Android
Macam mana la orang ada energy nak gaduh pasal vaksin,Twitter for Android
@xmrjml @KKMPutrajaya @Khairykj Alahai lg kesian x up to date lgsg..amek la vaksin tu buat teman dlm kubur yer..peluk erat2 tau..hihi,Twitter for iPhone
@MonologeLLy_318 knp ga bs masuk? blm vaksin?,Twitter for Android
Saya sudah di Vaksin ğŸ’‰ https://t.co/VQer7s5xhp,Twitter for Android
"@mametwaven Dan menunjukkan sertifikat/kartu vaksin minimal dosis pertama/kedua, serta mengisi formulir EHAC melalui aplikasi Peduli Lindungi. (2). Terima kasih - Lucas",Twitter Web App
"Abis vaksin pfizer dosis 1, reaksinya cuma pegel aja lengan yg abis disuntiknya, terutama malem sampe ke bangun tidur besoknya, besokannya lagi rasa nyeri hilang dan aman alhamdulillaaah ğŸ˜Š https://t.co/cWdOdrrrvF",Twitter for iPhone
"@nabilxyzz Nambah kak
Jkt - tangsel - depok - bogor

Macetnya kek vaksin",Twitter for Android
@WellDeni Selamat sore. Saat ini pengguna KRL wajib menunjukkan sertifikat vaksin (sekurangnya dosis pertama) melalui aplikasi Peduli Lindungi atau dalam bentuk cetak/digital serta mempersiapkan KTP atau identitas lainnya guna dicocokkan dengan sertifikat vaksin tersebut. |1,TweetDeck
"@indahdewiwiwi Iya gapapa kalau lagi haid, tapi kalau lagi kerasa sakit katanya ditunda duluğŸ˜…
Sempet batal vaksin karena yang periksanya aga ribetğŸ¥²",Twitter for Android
"Bingung, nyari alasan biar gak vaksin",Twitter for Android
"Antusias Masyarakat Ketowan Serbu Gerai Vaksin , Polsek Arjasa LaksanakanÂ Pengamanan https://t.co/vK3yWZjdtK",WordPress.com
"@justch1l 100k kak terakhir kutanya, vaksin awalpun 100k",Twitter for Android
@xopch vaksin dn kan blom 3 bulan. antibodinya jd kyk superhuman ktnya hahaha,Twitter for Android
aku abis vaksin tpi mamaku malah bikin es teh trus ditaroh freezer eww apaÂ²anğŸ˜ ğŸ˜  ak ga kuat dr siang pengen bgtt beli jd kuminum seginiğŸ¤ğŸ¼ jangan bilangÂ² yaa semoga ak baikÂ² sjağŸ˜Œ,Twitter for Android
Sebok dok pk agama... Golongan die yg sebok nk beli cert vaksin pelesu tak pk pulak agamağŸ¤£ğŸ¤£ğŸ¤£ Memalukan.. Huhhh https://t.co/ts2NzabB8P,Twitter for Android
"@Pateeeennn @FikriZarif Alahai siannya..tu la..lain kali cari fakta tu sdiri..alert dgn statement2 menteri..bkn main tadah je..klo nk bukti, cari je kt mana2..taip je vaksin covid fasa ujikaji..blambak2 keluar..ish3..kesian lak xtau cter psl ni..ğŸ˜‚ğŸ˜‚ğŸ˜‚",Twitter for iPhone
Ketua TP PKK Sumut Nawal Lubis Dorong Percepatan VaksinÂ Pelajar https://t.co/RSSShvlopb,WordPress.com
@UmarChelsea007 @msaid_didu Tensi darahnya brp ya? Pasti gak boleh vaksin klo tensinya tinggi hehehehe,Twitter for Android
"Muangkel ga iso vaksin gaiso melu table manner cok, gatel.",Twitter for Android
@bertanyarl Eh sori udah vaksin ya trus ilang barangkali niknya beda antara kk sama KTP coba masukin lagi,Twitter for Android
@nas_naim92 @KKMPutrajaya @Khairykj Hik hik jangan lupa vaksin untuk dine in dan ke sekolah hahshs.,Twitter for Android
Hadeh efek vaksin jadi ngantuk mulu,Twitter for Android
@senjaka_id Bukan salah vaksin ni pastinya...ya ga @dr_koko28 ?,Twitter for Android
"Coba KAJJ juga cuman pake sertifikat vaksin,, ğŸ˜…ğŸ˜…ğŸ˜… https://t.co/2lqtAg2ylb",Twitter for Android
bersinâ€ muluu jadi ragu mau vaksin atau enggkğŸ˜©,Twitter for iPhone
"Menjalani 2x akhir pekan dgn penuh kemacetan di Jogja. Semoga segera gliyakÂ² kembali.

Apa kabar temanÂ²ku yg kemarin melaknat kami para tuna WHF?

Apa kabar temanÂ²ku yg anti vaksin namun akhirnya disuntik demi dpt pekerjaan sepertiku?",Twitter for Android
@xmrjml @KKMPutrajaya @Khairykj Ouchh..geli hati kite bile dgr prkataan marah tu..dine in ke x dine in ke esok2 mati jgk..nnti asing tau kubur..vaksin ngn x vaksin xleh kubur sama..nk msuk syurga neraka pun Tuhan pilih jgk spe vaksin ngn x vaksin..kikiki..sian lak dh kena brainwash habis habisan..hihi,Twitter for iPhone
AKU TIDAK AKAN VAKSIN,Twitter for Android
@blueorangeade20 samaa:( btw boleh vaksin nggasi parosmia,Twitter for Android
vaksin kedua di hari batik pake kaos (yang agak) batik https://t.co/93fyd6URe3,Twitter for iPhone
@loeyiepeach Biasa aja ga ada apa apa yang sakit itu pas vaksin pertama,Twitter for Android
Cikgu antivak ni aku rasa kalau dalam masa dua minggu tak amik vaksin and tak masuk mengajar gugurkan je nama buang terus! Ramai lagi yg layak ganti tempat mereka. https://t.co/3uLpCasu9q,Twitter for iPhone
Mek bai kena covid kat chiang rai. Dan dia belum vaksin lagi. Moga Allah permudahkan urasan dia ğŸ¥º,Twitter for Android
"Dag dig dug abis vaksin pfizer dosis 2, moga moga gak ada demam, meriang dan lain2 dehhâ€¦ anak kecil2 susaaaahh bgt kalau sampe sakit. Bismillah kuatt sehat aamiin ğŸ˜‡",Twitter for iPhone
"Sampai point sini dah boleh conclude, tak guna dah explain pape kt dia ni. Selagi dia or orang2 terdekat dia tak kena covid, selagi tu dia tak gelabah nak cari vaksin. Dah kena nanti nak vaksin dah terlambat dah. https://t.co/2WHBEsBB4C",Twitter for Android
"Aku Jane ultraman tapi garaÂ²
Bar di vaksin astrea honda kekuatanku yok mbleret",Twitter for Android
